episode,reward
1,-200.0
2,-200.0
3,-200.0
4,-200.0
5,-200.0
6,-200.0
7,-200.0
8,-200.0
9,-200.0
10,-200.0
11,-200.0
12,-200.0
13,-200.0
14,-200.0
15,-200.0
16,-200.0
17,-200.0
18,-200.0
19,-200.0
20,-200.0
21,-200.0
22,-200.0
23,-200.0
24,-200.0
25,-200.0
26,-200.0
27,-200.0
28,-200.0
29,-200.0
30,-200.0
31,-200.0
32,-200.0
33,-200.0
34,-200.0
35,-200.0
36,-200.0
37,-200.0
38,-200.0
39,-200.0
40,-200.0
41,-200.0
42,-200.0
43,-200.0
44,-200.0
45,-200.0
46,-200.0
47,-200.0
48,-200.0
49,-200.0
50,-200.0
51,-200.0
52,-200.0
53,-200.0
54,-200.0
55,-200.0
56,-200.0
57,-200.0
58,-200.0
59,-200.0
60,-200.0
61,-200.0
62,-200.0
63,-200.0
64,-200.0
65,-200.0
66,-200.0
67,-200.0
68,-200.0
69,-200.0
70,-200.0
71,-200.0
72,-200.0
73,-200.0
74,-200.0
75,-200.0
76,-200.0
77,-200.0
78,-200.0
79,-200.0
80,-200.0
81,-200.0
82,-200.0
83,-200.0
84,-200.0
85,-200.0
86,-200.0
87,-200.0
88,-200.0
89,-200.0
90,-200.0
91,-200.0
92,-200.0
93,-200.0
94,-200.0
95,-200.0
96,-200.0
97,-200.0
98,-200.0
99,-200.0
100,-200.0
101,-200.0
102,-200.0
103,-200.0
104,-200.0
105,-200.0
106,-200.0
107,-200.0
108,-200.0
109,-200.0
110,-200.0
111,-200.0
112,-200.0
113,-200.0
114,-200.0
115,-200.0
116,-200.0
117,-200.0
118,-200.0
119,-200.0
120,-200.0
121,-200.0
122,-200.0
123,-200.0
124,-200.0
125,-200.0
126,-200.0
127,-200.0
128,-200.0
129,-200.0
130,-200.0
131,-200.0
132,-200.0
133,-200.0
134,-200.0
135,-200.0
136,-200.0
137,-200.0
138,-200.0
139,-200.0
140,-200.0
141,-200.0
142,-200.0
143,-200.0
144,-200.0
145,-200.0
146,-200.0
147,-200.0
148,-200.0
149,-200.0
150,-200.0
151,-200.0
152,-200.0
153,-200.0
154,-200.0
155,-200.0
156,-200.0
157,-200.0
158,-200.0
159,-200.0
160,-200.0
161,-200.0
162,-200.0
163,-200.0
164,-200.0
165,-200.0
166,-200.0
167,-200.0
168,-200.0
169,-200.0
170,-200.0
171,-200.0
172,-200.0
173,-200.0
174,-200.0
175,-200.0
176,-200.0
177,-200.0
178,-200.0
179,-200.0
180,-200.0
181,-200.0
182,-200.0
183,-200.0
184,-200.0
185,-200.0
186,-200.0
187,-200.0
188,-200.0
189,-200.0
190,-200.0
191,-200.0
192,-200.0
193,-200.0
194,-200.0
195,-200.0
196,-200.0
197,-200.0
198,-200.0
199,-200.0
200,-200.0
201,-200.0
202,-200.0
203,-200.0
204,-200.0
205,-200.0
206,-200.0
207,-200.0
208,-200.0
209,-200.0
210,-200.0
211,-200.0
212,-200.0
213,-200.0
214,-200.0
215,-200.0
216,-200.0
217,-200.0
218,-200.0
219,-200.0
220,-200.0
221,-200.0
222,-200.0
223,-200.0
224,-200.0
225,-200.0
226,-200.0
227,-200.0
228,-200.0
229,-200.0
230,-200.0
231,-200.0
232,-200.0
233,-200.0
234,-200.0
235,-200.0
236,-200.0
237,-200.0
238,-200.0
239,-200.0
240,-200.0
241,-200.0
242,-200.0
243,-200.0
244,-200.0
245,-200.0
246,-200.0
247,-200.0
248,-200.0
249,-200.0
250,-200.0
251,-200.0
252,-200.0
253,-200.0
254,-200.0
255,-200.0
256,-200.0
257,-200.0
258,-200.0
259,-200.0
260,-200.0
261,-200.0
262,-200.0
263,-200.0
264,-200.0
265,-200.0
266,-200.0
267,-200.0
268,-200.0
269,-200.0
270,-200.0
271,-200.0
272,-200.0
273,-200.0
274,-200.0
275,-200.0
276,-200.0
277,-200.0
278,-200.0
279,-200.0
280,-200.0
281,-200.0
282,-200.0
283,-200.0
284,-200.0
285,-200.0
286,-200.0
287,-200.0
288,-200.0
289,-200.0
290,-200.0
291,-200.0
292,-200.0
293,-200.0
294,-200.0
295,-200.0
296,-200.0
297,-200.0
298,-200.0
299,-200.0
300,-200.0
301,-200.0
302,-200.0
303,-200.0
304,-200.0
305,-200.0
306,-200.0
307,-200.0
308,-200.0
309,-200.0
310,-200.0
311,-200.0
312,-200.0
313,-200.0
314,-200.0
315,-200.0
316,-200.0
317,-200.0
318,-200.0
319,-200.0
320,-200.0
321,-200.0
322,-200.0
323,-200.0
324,-200.0
325,-200.0
326,-200.0
327,-200.0
328,-200.0
329,-200.0
330,-200.0
331,-200.0
332,-200.0
333,-200.0
334,-200.0
335,-200.0
336,-200.0
337,-200.0
338,-200.0
339,-200.0
340,-200.0
341,-200.0
342,-200.0
343,-200.0
344,-200.0
345,-200.0
346,-200.0
347,-200.0
348,-200.0
349,-200.0
350,-200.0
351,-200.0
352,-200.0
353,-200.0
354,-200.0
355,-200.0
356,-200.0
357,-200.0
358,-200.0
359,-200.0
360,-200.0
361,-200.0
362,-200.0
363,-200.0
364,-200.0
365,-200.0
366,-200.0
367,-200.0
368,-200.0
369,-200.0
370,-200.0
371,-200.0
372,-200.0
373,-200.0
374,-200.0
375,-200.0
376,-200.0
377,-200.0
378,-200.0
379,-200.0
380,-200.0
381,-200.0
382,-200.0
383,-200.0
384,-200.0
385,-200.0
386,-200.0
387,-200.0
388,-200.0
389,-200.0
390,-200.0
391,-200.0
392,-200.0
393,-200.0
394,-200.0
395,-200.0
396,-200.0
397,-200.0
398,-200.0
399,-200.0
400,-200.0
401,-200.0
402,-200.0
403,-200.0
404,-200.0
405,-200.0
406,-200.0
407,-200.0
408,-200.0
409,-200.0
410,-200.0
411,-200.0
412,-200.0
413,-200.0
414,-200.0
415,-200.0
416,-200.0
417,-200.0
418,-200.0
419,-200.0
420,-200.0
421,-200.0
422,-200.0
423,-200.0
424,-200.0
425,-200.0
426,-200.0
427,-200.0
428,-200.0
429,-200.0
430,-200.0
431,-200.0
432,-200.0
433,-200.0
434,-200.0
435,-200.0
436,-200.0
437,-200.0
438,-200.0
439,-200.0
440,-200.0
441,-200.0
442,-200.0
443,-200.0
444,-200.0
445,-200.0
446,-200.0
447,-200.0
448,-200.0
449,-200.0
450,-200.0
451,-200.0
452,-200.0
453,-200.0
454,-200.0
455,-200.0
456,-200.0
457,-200.0
458,-200.0
459,-200.0
460,-200.0
461,-200.0
462,-200.0
463,-200.0
464,-200.0
465,-200.0
466,-200.0
467,-200.0
468,-200.0
469,-200.0
470,-200.0
471,-200.0
472,-200.0
473,-200.0
474,-200.0
475,-200.0
476,-200.0
477,-200.0
478,-200.0
479,-200.0
480,-200.0
481,-200.0
482,-200.0
483,-200.0
484,-200.0
485,-200.0
486,-200.0
487,-200.0
488,-200.0
489,-200.0
490,-200.0
491,-200.0
492,-200.0
493,-200.0
494,-200.0
495,-200.0
496,-200.0
497,-200.0
498,-200.0
499,-200.0
500,-200.0
501,-200.0
502,-200.0
503,-200.0
504,-200.0
505,-200.0
506,-200.0
507,-200.0
508,-200.0
509,-200.0
510,-200.0
511,-200.0
512,-200.0
513,-200.0
514,-200.0
515,-200.0
516,-200.0
517,-200.0
518,-200.0
519,-200.0
520,-200.0
521,-200.0
522,-200.0
523,-200.0
524,-200.0
525,-200.0
526,-200.0
527,-200.0
528,-200.0
529,-200.0
530,-200.0
531,-200.0
532,-200.0
533,-200.0
534,-200.0
535,-200.0
536,-200.0
537,-200.0
538,-200.0
539,-200.0
540,-200.0
541,-200.0
542,-200.0
543,-200.0
544,-200.0
545,-200.0
546,-200.0
547,-200.0
548,-200.0
549,-200.0
550,-200.0
551,-200.0
552,-200.0
553,-200.0
554,-200.0
555,-200.0
556,-200.0
557,-200.0
558,-200.0
559,-200.0
560,-200.0
561,-200.0
562,-200.0
563,-200.0
564,-200.0
565,-200.0
566,-200.0
567,-200.0
568,-200.0
569,-200.0
570,-200.0
571,-200.0
572,-200.0
573,-200.0
574,-200.0
575,-200.0
576,-200.0
577,-200.0
578,-200.0
579,-200.0
580,-200.0
581,-200.0
582,-200.0
583,-200.0
584,-200.0
585,-200.0
586,-200.0
587,-200.0
588,-200.0
589,-200.0
590,-200.0
591,-200.0
592,-200.0
593,-200.0
594,-200.0
595,-200.0
596,-200.0
597,-200.0
598,-200.0
599,-200.0
600,-200.0
601,-200.0
602,-200.0
603,-200.0
604,-200.0
605,-200.0
606,-200.0
607,-200.0
608,-200.0
609,-200.0
610,-200.0
611,-200.0
612,-200.0
613,-200.0
614,-200.0
615,-200.0
616,-200.0
617,-200.0
618,-200.0
619,-200.0
620,-200.0
621,-200.0
622,-200.0
623,-200.0
624,-200.0
625,-200.0
626,-200.0
627,-200.0
628,-200.0
629,-200.0
630,-200.0
631,-200.0
632,-200.0
633,-200.0
634,-200.0
635,-200.0
636,-200.0
637,-200.0
638,-200.0
639,-200.0
640,-200.0
641,-200.0
642,-200.0
643,-200.0
644,-200.0
645,-200.0
646,-200.0
647,-200.0
648,-200.0
649,-200.0
650,-200.0
651,-200.0
652,-200.0
653,-200.0
654,-200.0
655,-200.0
656,-200.0
657,-200.0
658,-200.0
659,-200.0
660,-200.0
661,-200.0
662,-200.0
663,-200.0
664,-200.0
665,-200.0
666,-200.0
667,-200.0
668,-200.0
669,-200.0
670,-200.0
671,-200.0
672,-200.0
673,-200.0
674,-200.0
675,-200.0
676,-200.0
677,-200.0
678,-200.0
679,-200.0
680,-200.0
681,-200.0
682,-200.0
683,-200.0
684,-200.0
685,-200.0
686,-200.0
687,-200.0
688,-200.0
689,-200.0
690,-200.0
691,-200.0
692,-200.0
693,-200.0
694,-200.0
695,-200.0
696,-200.0
697,-200.0
698,-200.0
699,-200.0
700,-200.0
701,-200.0
702,-200.0
703,-200.0
704,-200.0
705,-200.0
706,-200.0
707,-200.0
708,-200.0
709,-200.0
710,-200.0
711,-200.0
712,-200.0
713,-200.0
714,-200.0
715,-200.0
716,-200.0
717,-200.0
718,-200.0
719,-200.0
720,-200.0
721,-200.0
722,-200.0
723,-200.0
724,-200.0
725,-200.0
726,-200.0
727,-200.0
728,-200.0
729,-200.0
730,-200.0
731,-200.0
732,-200.0
733,-200.0
734,-200.0
735,-200.0
736,-200.0
737,-200.0
738,-200.0
739,-200.0
740,-200.0
741,-200.0
742,-200.0
743,-200.0
744,-200.0
745,-200.0
746,-200.0
747,-200.0
748,-200.0
749,-200.0
750,-200.0
751,-200.0
752,-200.0
753,-200.0
754,-200.0
755,-200.0
756,-200.0
757,-200.0
758,-200.0
759,-200.0
760,-200.0
761,-200.0
762,-200.0
763,-200.0
764,-200.0
765,-200.0
766,-200.0
767,-200.0
768,-200.0
769,-200.0
770,-200.0
771,-200.0
772,-200.0
773,-200.0
774,-200.0
775,-200.0
776,-200.0
777,-200.0
778,-200.0
779,-200.0
780,-200.0
781,-200.0
782,-200.0
783,-200.0
784,-200.0
785,-200.0
786,-200.0
787,-200.0
788,-200.0
789,-200.0
790,-200.0
791,-200.0
792,-200.0
793,-200.0
794,-200.0
795,-200.0
796,-200.0
797,-200.0
798,-200.0
799,-200.0
800,-200.0
801,-200.0
802,-200.0
803,-200.0
804,-200.0
805,-200.0
806,-200.0
807,-200.0
808,-200.0
809,-200.0
810,-200.0
811,-200.0
812,-200.0
813,-200.0
814,-200.0
815,-200.0
816,-200.0
817,-200.0
818,-200.0
819,-200.0
820,-200.0
821,-200.0
822,-200.0
823,-200.0
824,-200.0
825,-200.0
826,-200.0
827,-200.0
828,-200.0
829,-200.0
830,-200.0
831,-200.0
832,-200.0
833,-200.0
834,-200.0
835,-200.0
836,-200.0
837,-200.0
838,-200.0
839,-200.0
840,-200.0
841,-200.0
842,-200.0
843,-200.0
844,-200.0
845,-200.0
846,-200.0
847,-200.0
848,-200.0
849,-200.0
850,-200.0
851,-200.0
852,-200.0
853,-200.0
854,-200.0
855,-200.0
856,-200.0
857,-200.0
858,-200.0
859,-200.0
860,-200.0
861,-200.0
862,-200.0
863,-200.0
864,-200.0
865,-200.0
866,-200.0
867,-200.0
868,-200.0
869,-200.0
870,-200.0
871,-200.0
872,-200.0
873,-200.0
874,-200.0
875,-200.0
876,-200.0
877,-200.0
878,-200.0
879,-200.0
880,-200.0
881,-200.0
882,-200.0
883,-200.0
884,-200.0
885,-200.0
886,-200.0
887,-200.0
888,-200.0
889,-200.0
890,-200.0
891,-200.0
892,-200.0
893,-200.0
894,-200.0
895,-200.0
896,-200.0
897,-200.0
898,-200.0
899,-200.0
900,-200.0
901,-200.0
902,-200.0
903,-200.0
904,-200.0
905,-200.0
906,-200.0
907,-200.0
908,-200.0
909,-200.0
910,-200.0
911,-200.0
912,-200.0
913,-200.0
914,-200.0
915,-200.0
916,-200.0
917,-200.0
918,-200.0
919,-200.0
920,-200.0
921,-200.0
922,-200.0
923,-200.0
924,-200.0
925,-200.0
926,-200.0
927,-200.0
928,-200.0
929,-200.0
930,-200.0
931,-200.0
932,-200.0
933,-200.0
934,-200.0
935,-200.0
936,-200.0
937,-200.0
938,-200.0
939,-200.0
940,-200.0
941,-200.0
942,-200.0
943,-200.0
944,-200.0
945,-200.0
946,-200.0
947,-200.0
948,-200.0
949,-200.0
950,-200.0
951,-200.0
952,-200.0
953,-200.0
954,-200.0
955,-200.0
956,-200.0
957,-200.0
958,-200.0
959,-200.0
960,-200.0
961,-200.0
962,-200.0
963,-200.0
964,-200.0
965,-200.0
966,-200.0
967,-200.0
968,-200.0
969,-200.0
970,-200.0
971,-200.0
972,-200.0
973,-200.0
974,-200.0
975,-200.0
976,-200.0
977,-200.0
978,-200.0
979,-200.0
980,-200.0
981,-200.0
982,-200.0
983,-200.0
984,-200.0
985,-200.0
986,-200.0
987,-200.0
988,-200.0
989,-200.0
990,-200.0
991,-200.0
992,-200.0
993,-200.0
994,-200.0
995,-200.0
996,-200.0
997,-200.0
998,-200.0
999,-200.0
1000,-200.0
1001,-200.0
1002,-200.0
1003,-200.0
1004,-200.0
1005,-200.0
1006,-200.0
1007,-200.0
1008,-200.0
1009,-200.0
1010,-200.0
1011,-200.0
1012,-200.0
1013,-200.0
1014,-200.0
1015,-200.0
1016,-200.0
1017,-200.0
1018,-200.0
1019,-200.0
1020,-200.0
1021,-200.0
1022,-200.0
1023,-200.0
1024,-200.0
1025,-200.0
1026,-200.0
1027,-200.0
1028,-200.0
1029,-200.0
1030,-200.0
1031,-200.0
1032,-200.0
1033,-200.0
1034,-200.0
1035,-200.0
1036,-200.0
1037,-200.0
1038,-200.0
1039,-200.0
1040,-200.0
1041,-200.0
1042,-200.0
1043,-200.0
1044,-200.0
1045,-200.0
1046,-200.0
1047,-200.0
1048,-200.0
1049,-200.0
1050,-200.0
1051,-200.0
1052,-200.0
1053,-200.0
1054,-200.0
1055,-200.0
1056,-200.0
1057,-200.0
1058,-200.0
1059,-200.0
1060,-200.0
1061,-200.0
1062,-200.0
1063,-200.0
1064,-200.0
1065,-200.0
1066,-200.0
1067,-200.0
1068,-200.0
1069,-200.0
1070,-200.0
1071,-200.0
1072,-200.0
1073,-200.0
1074,-200.0
1075,-200.0
1076,-200.0
1077,-200.0
1078,-200.0
1079,-200.0
1080,-200.0
1081,-200.0
1082,-200.0
1083,-200.0
1084,-200.0
1085,-200.0
1086,-200.0
1087,-200.0
1088,-200.0
1089,-200.0
1090,-200.0
1091,-200.0
1092,-200.0
1093,-200.0
1094,-200.0
1095,-200.0
1096,-200.0
1097,-200.0
1098,-200.0
1099,-200.0
1100,-200.0
1101,-200.0
1102,-200.0
1103,-200.0
1104,-200.0
1105,-200.0
1106,-200.0
1107,-200.0
1108,-200.0
1109,-200.0
1110,-200.0
1111,-200.0
1112,-200.0
1113,-200.0
1114,-200.0
1115,-200.0
1116,-200.0
1117,-200.0
1118,-200.0
1119,-200.0
1120,-200.0
1121,-200.0
1122,-200.0
1123,-200.0
1124,-200.0
1125,-200.0
1126,-200.0
1127,-200.0
1128,-200.0
1129,-200.0
1130,-200.0
1131,-200.0
1132,-200.0
1133,-200.0
1134,-200.0
1135,-200.0
1136,-200.0
1137,-200.0
1138,-200.0
1139,-200.0
1140,-200.0
1141,-200.0
1142,-200.0
1143,-200.0
1144,-200.0
1145,-200.0
1146,-200.0
1147,-200.0
1148,-200.0
1149,-200.0
1150,-200.0
1151,-200.0
1152,-200.0
1153,-200.0
1154,-200.0
1155,-200.0
1156,-200.0
1157,-200.0
1158,-200.0
1159,-200.0
1160,-200.0
1161,-200.0
1162,-200.0
1163,-200.0
1164,-200.0
1165,-200.0
1166,-200.0
1167,-200.0
1168,-200.0
1169,-200.0
1170,-200.0
1171,-200.0
1172,-200.0
1173,-200.0
1174,-200.0
1175,-200.0
1176,-200.0
1177,-200.0
1178,-200.0
1179,-200.0
1180,-200.0
1181,-200.0
1182,-200.0
1183,-200.0
1184,-200.0
1185,-200.0
1186,-200.0
1187,-200.0
1188,-200.0
1189,-200.0
1190,-200.0
1191,-200.0
1192,-200.0
1193,-200.0
1194,-200.0
1195,-200.0
1196,-200.0
1197,-200.0
1198,-200.0
1199,-200.0
1200,-200.0
1201,-200.0
1202,-200.0
1203,-200.0
1204,-200.0
1205,-200.0
1206,-200.0
1207,-200.0
1208,-200.0
1209,-200.0
1210,-200.0
1211,-200.0
1212,-200.0
1213,-200.0
1214,-200.0
1215,-200.0
1216,-200.0
1217,-200.0
1218,-200.0
1219,-200.0
1220,-200.0
1221,-200.0
1222,-200.0
1223,-200.0
1224,-200.0
1225,-200.0
1226,-200.0
1227,-200.0
1228,-200.0
1229,-200.0
1230,-200.0
1231,-200.0
1232,-200.0
1233,-200.0
1234,-200.0
1235,-200.0
1236,-200.0
1237,-200.0
1238,-200.0
1239,-200.0
1240,-200.0
1241,-200.0
1242,-200.0
1243,-200.0
1244,-200.0
1245,-200.0
1246,-200.0
1247,-200.0
1248,-200.0
1249,-200.0
1250,-200.0
1251,-200.0
1252,-200.0
1253,-200.0
1254,-200.0
1255,-200.0
1256,-200.0
1257,-200.0
1258,-200.0
1259,-200.0
1260,-200.0
1261,-200.0
1262,-200.0
1263,-200.0
1264,-200.0
1265,-200.0
1266,-200.0
1267,-200.0
1268,-200.0
1269,-200.0
1270,-200.0
1271,-200.0
1272,-200.0
1273,-200.0
1274,-200.0
1275,-200.0
1276,-200.0
1277,-200.0
1278,-200.0
1279,-200.0
1280,-200.0
1281,-200.0
1282,-200.0
1283,-200.0
1284,-200.0
1285,-200.0
1286,-200.0
1287,-200.0
1288,-200.0
1289,-200.0
1290,-200.0
1291,-200.0
1292,-200.0
1293,-200.0
1294,-200.0
1295,-200.0
1296,-200.0
1297,-200.0
1298,-200.0
1299,-200.0
1300,-200.0
1301,-200.0
1302,-200.0
1303,-200.0
1304,-200.0
1305,-200.0
1306,-200.0
1307,-200.0
1308,-200.0
1309,-200.0
1310,-200.0
1311,-200.0
1312,-200.0
1313,-200.0
1314,-200.0
1315,-200.0
1316,-200.0
1317,-200.0
1318,-200.0
1319,-200.0
1320,-200.0
1321,-200.0
1322,-200.0
1323,-200.0
1324,-200.0
1325,-200.0
1326,-200.0
1327,-200.0
1328,-200.0
1329,-200.0
1330,-200.0
1331,-200.0
1332,-200.0
1333,-200.0
1334,-200.0
1335,-200.0
1336,-200.0
1337,-200.0
1338,-200.0
1339,-200.0
1340,-200.0
1341,-200.0
1342,-200.0
1343,-200.0
1344,-200.0
1345,-200.0
1346,-200.0
1347,-200.0
1348,-200.0
1349,-200.0
1350,-200.0
1351,-200.0
1352,-200.0
1353,-200.0
1354,-200.0
1355,-200.0
1356,-200.0
1357,-200.0
1358,-200.0
1359,-200.0
1360,-200.0
1361,-200.0
1362,-200.0
1363,-200.0
1364,-200.0
1365,-200.0
1366,-200.0
1367,-200.0
1368,-200.0
1369,-200.0
1370,-200.0
1371,-200.0
1372,-200.0
1373,-200.0
1374,-200.0
1375,-200.0
1376,-200.0
1377,-200.0
1378,-200.0
1379,-200.0
1380,-200.0
1381,-200.0
1382,-200.0
1383,-200.0
1384,-200.0
1385,-200.0
1386,-200.0
1387,-200.0
1388,-200.0
1389,-200.0
1390,-200.0
1391,-200.0
1392,-200.0
1393,-200.0
1394,-200.0
1395,-200.0
1396,-200.0
1397,-200.0
1398,-200.0
1399,-200.0
1400,-200.0
1401,-200.0
1402,-200.0
1403,-200.0
1404,-200.0
1405,-200.0
1406,-200.0
1407,-200.0
1408,-200.0
1409,-200.0
1410,-200.0
1411,-200.0
1412,-200.0
1413,-200.0
1414,-200.0
1415,-200.0
1416,-200.0
1417,-200.0
1418,-200.0
1419,-200.0
1420,-200.0
1421,-200.0
1422,-200.0
1423,-200.0
1424,-200.0
1425,-200.0
1426,-200.0
1427,-200.0
1428,-200.0
1429,-200.0
1430,-200.0
1431,-200.0
1432,-200.0
1433,-200.0
1434,-200.0
1435,-200.0
1436,-200.0
1437,-200.0
1438,-200.0
1439,-200.0
1440,-200.0
1441,-200.0
1442,-200.0
1443,-200.0
1444,-200.0
1445,-200.0
1446,-200.0
1447,-200.0
1448,-200.0
1449,-200.0
1450,-200.0
1451,-200.0
1452,-200.0
1453,-200.0
1454,-200.0
1455,-200.0
1456,-200.0
1457,-200.0
1458,-200.0
1459,-200.0
1460,-200.0
1461,-200.0
1462,-200.0
1463,-200.0
1464,-200.0
1465,-200.0
1466,-200.0
1467,-200.0
1468,-200.0
1469,-200.0
1470,-200.0
1471,-200.0
1472,-200.0
1473,-200.0
1474,-200.0
1475,-200.0
1476,-200.0
1477,-200.0
1478,-200.0
1479,-200.0
1480,-200.0
1481,-200.0
1482,-200.0
1483,-200.0
1484,-200.0
1485,-200.0
1486,-200.0
1487,-200.0
1488,-200.0
1489,-200.0
1490,-200.0
1491,-200.0
1492,-200.0
1493,-200.0
1494,-200.0
1495,-200.0
1496,-200.0
1497,-200.0
1498,-200.0
1499,-200.0
1500,-200.0
1501,-200.0
1502,-200.0
1503,-200.0
1504,-200.0
1505,-200.0
1506,-200.0
1507,-200.0
1508,-200.0
1509,-200.0
1510,-200.0
1511,-200.0
1512,-200.0
1513,-200.0
1514,-200.0
1515,-200.0
1516,-200.0
1517,-200.0
1518,-200.0
1519,-200.0
1520,-200.0
1521,-200.0
1522,-200.0
1523,-200.0
1524,-200.0
1525,-200.0
1526,-200.0
1527,-200.0
1528,-200.0
1529,-200.0
1530,-200.0
1531,-200.0
1532,-200.0
1533,-200.0
1534,-200.0
1535,-200.0
1536,-200.0
1537,-200.0
1538,-200.0
1539,-200.0
1540,-200.0
1541,-200.0
1542,-200.0
1543,-200.0
1544,-200.0
1545,-200.0
1546,-200.0
1547,-200.0
1548,-200.0
1549,-200.0
1550,-200.0
1551,-200.0
1552,-200.0
1553,-200.0
1554,-200.0
1555,-200.0
1556,-200.0
1557,-200.0
1558,-200.0
1559,-200.0
1560,-200.0
1561,-200.0
1562,-200.0
1563,-200.0
1564,-200.0
1565,-200.0
1566,-200.0
1567,-200.0
1568,-200.0
1569,-200.0
1570,-200.0
1571,-200.0
1572,-200.0
1573,-200.0
1574,-200.0
1575,-200.0
1576,-200.0
1577,-200.0
1578,-200.0
1579,-200.0
1580,-200.0
1581,-200.0
1582,-200.0
1583,-200.0
1584,-200.0
1585,-200.0
1586,-200.0
1587,-200.0
1588,-200.0
1589,-200.0
1590,-200.0
1591,-200.0
1592,-200.0
1593,-200.0
1594,-200.0
1595,-200.0
1596,-200.0
1597,-200.0
1598,-200.0
1599,-200.0
1600,-200.0
1601,-200.0
1602,-200.0
1603,-200.0
1604,-200.0
1605,-200.0
1606,-200.0
1607,-200.0
1608,-200.0
1609,-200.0
1610,-200.0
1611,-200.0
1612,-200.0
1613,-200.0
1614,-200.0
1615,-200.0
1616,-200.0
1617,-200.0
1618,-200.0
1619,-200.0
1620,-200.0
1621,-200.0
1622,-200.0
1623,-200.0
1624,-200.0
1625,-200.0
1626,-200.0
1627,-200.0
1628,-200.0
1629,-200.0
1630,-200.0
1631,-200.0
1632,-200.0
1633,-200.0
1634,-200.0
1635,-200.0
1636,-200.0
1637,-200.0
1638,-200.0
1639,-200.0
1640,-200.0
1641,-200.0
1642,-200.0
1643,-200.0
1644,-200.0
1645,-200.0
1646,-200.0
1647,-200.0
1648,-200.0
1649,-200.0
1650,-200.0
1651,-200.0
1652,-200.0
1653,-200.0
1654,-200.0
1655,-200.0
1656,-200.0
1657,-200.0
1658,-200.0
1659,-200.0
1660,-200.0
1661,-200.0
1662,-200.0
1663,-200.0
1664,-200.0
1665,-200.0
1666,-200.0
1667,-200.0
1668,-200.0
1669,-200.0
1670,-200.0
1671,-200.0
1672,-200.0
1673,-200.0
1674,-200.0
1675,-200.0
1676,-200.0
1677,-200.0
1678,-200.0
1679,-200.0
1680,-200.0
1681,-200.0
1682,-200.0
1683,-200.0
1684,-200.0
1685,-200.0
1686,-200.0
1687,-200.0
1688,-200.0
1689,-200.0
1690,-200.0
1691,-200.0
1692,-200.0
1693,-200.0
1694,-200.0
1695,-200.0
1696,-200.0
1697,-200.0
1698,-200.0
1699,-200.0
1700,-200.0
1701,-200.0
1702,-200.0
1703,-200.0
1704,-200.0
1705,-200.0
1706,-200.0
1707,-200.0
1708,-200.0
1709,-200.0
1710,-200.0
1711,-200.0
1712,-200.0
1713,-200.0
1714,-200.0
1715,-200.0
1716,-200.0
1717,-200.0
1718,-200.0
1719,-200.0
1720,-200.0
1721,-200.0
1722,-200.0
1723,-200.0
1724,-200.0
1725,-200.0
1726,-200.0
1727,-200.0
1728,-200.0
1729,-200.0
1730,-200.0
1731,-200.0
1732,-200.0
1733,-200.0
1734,-200.0
1735,-200.0
1736,-200.0
1737,-200.0
1738,-200.0
1739,-200.0
1740,-200.0
1741,-200.0
1742,-200.0
1743,-200.0
1744,-200.0
1745,-200.0
1746,-200.0
1747,-200.0
1748,-200.0
1749,-200.0
1750,-200.0
1751,-200.0
1752,-200.0
1753,-200.0
1754,-200.0
1755,-200.0
1756,-200.0
1757,-200.0
1758,-200.0
1759,-200.0
1760,-200.0
1761,-200.0
1762,-200.0
1763,-200.0
1764,-200.0
1765,-200.0
1766,-200.0
1767,-200.0
1768,-200.0
1769,-200.0
1770,-200.0
1771,-200.0
1772,-200.0
1773,-200.0
1774,-200.0
1775,-200.0
1776,-200.0
1777,-200.0
1778,-200.0
1779,-200.0
1780,-200.0
1781,-200.0
1782,-200.0
1783,-200.0
1784,-200.0
1785,-200.0
1786,-200.0
1787,-200.0
1788,-200.0
1789,-200.0
1790,-200.0
1791,-200.0
1792,-200.0
1793,-200.0
1794,-200.0
1795,-200.0
1796,-200.0
1797,-200.0
1798,-200.0
1799,-200.0
1800,-200.0
1801,-200.0
1802,-200.0
1803,-200.0
1804,-200.0
1805,-200.0
1806,-200.0
1807,-200.0
1808,-200.0
1809,-200.0
1810,-200.0
1811,-200.0
1812,-200.0
1813,-200.0
1814,-200.0
1815,-200.0
1816,-200.0
1817,-200.0
1818,-200.0
1819,-200.0
1820,-200.0
1821,-200.0
1822,-200.0
1823,-200.0
1824,-200.0
1825,-200.0
1826,-200.0
1827,-200.0
1828,-200.0
1829,-200.0
1830,-200.0
1831,-200.0
1832,-200.0
1833,-200.0
1834,-200.0
1835,-200.0
1836,-200.0
1837,-200.0
1838,-200.0
1839,-200.0
1840,-200.0
1841,-200.0
1842,-200.0
1843,-200.0
1844,-200.0
1845,-200.0
1846,-200.0
1847,-200.0
1848,-200.0
1849,-200.0
1850,-200.0
1851,-200.0
1852,-200.0
1853,-200.0
1854,-200.0
1855,-200.0
1856,-200.0
1857,-200.0
1858,-200.0
1859,-200.0
1860,-200.0
1861,-200.0
1862,-200.0
1863,-200.0
1864,-200.0
1865,-200.0
1866,-200.0
1867,-200.0
1868,-200.0
1869,-200.0
1870,-200.0
1871,-200.0
1872,-200.0
1873,-200.0
1874,-200.0
1875,-200.0
1876,-200.0
1877,-200.0
1878,-200.0
1879,-200.0
1880,-200.0
1881,-200.0
1882,-200.0
1883,-200.0
1884,-200.0
1885,-200.0
1886,-200.0
1887,-200.0
1888,-200.0
1889,-200.0
1890,-200.0
1891,-200.0
1892,-200.0
1893,-200.0
1894,-200.0
1895,-200.0
1896,-200.0
1897,-200.0
1898,-200.0
1899,-200.0
1900,-200.0
1901,-200.0
1902,-200.0
1903,-200.0
1904,-200.0
1905,-200.0
1906,-200.0
1907,-200.0
1908,-200.0
1909,-200.0
1910,-200.0
1911,-200.0
1912,-200.0
1913,-200.0
1914,-196.0
1915,-200.0
1916,-200.0
1917,-200.0
1918,-200.0
1919,-200.0
1920,-200.0
1921,-200.0
1922,-200.0
1923,-200.0
1924,-200.0
1925,-200.0
1926,-200.0
1927,-200.0
1928,-200.0
1929,-200.0
1930,-200.0
1931,-200.0
1932,-200.0
1933,-200.0
1934,-200.0
1935,-200.0
1936,-200.0
1937,-191.0
1938,-200.0
1939,-200.0
1940,-200.0
1941,-200.0
1942,-200.0
1943,-200.0
1944,-165.0
1945,-200.0
1946,-200.0
1947,-200.0
1948,-200.0
1949,-200.0
1950,-200.0
1951,-200.0
1952,-200.0
1953,-200.0
1954,-200.0
1955,-200.0
1956,-170.0
1957,-200.0
1958,-200.0
1959,-200.0
1960,-200.0
1961,-200.0
1962,-161.0
1963,-200.0
1964,-200.0
1965,-200.0
1966,-200.0
1967,-156.0
1968,-198.0
1969,-200.0
1970,-200.0
1971,-200.0
1972,-200.0
1973,-200.0
1974,-200.0
1975,-173.0
1976,-200.0
1977,-200.0
1978,-200.0
1979,-200.0
1980,-200.0
1981,-170.0
1982,-200.0
1983,-200.0
1984,-200.0
1985,-200.0
1986,-200.0
1987,-200.0
1988,-200.0
1989,-167.0
1990,-200.0
1991,-200.0
1992,-200.0
1993,-200.0
1994,-200.0
1995,-200.0
1996,-200.0
1997,-172.0
1998,-200.0
1999,-200.0
2000,-200.0
2001,-200.0
2002,-200.0
2003,-200.0
2004,-200.0
2005,-200.0
2006,-200.0
2007,-200.0
2008,-200.0
2009,-200.0
2010,-200.0
2011,-200.0
2012,-200.0
2013,-200.0
2014,-200.0
2015,-200.0
2016,-200.0
2017,-200.0
2018,-200.0
2019,-200.0
2020,-200.0
2021,-200.0
2022,-200.0
2023,-200.0
2024,-200.0
2025,-200.0
2026,-200.0
2027,-200.0
2028,-200.0
2029,-200.0
2030,-200.0
2031,-200.0
2032,-200.0
2033,-200.0
2034,-200.0
2035,-200.0
2036,-200.0
2037,-200.0
2038,-200.0
2039,-200.0
2040,-200.0
2041,-200.0
2042,-200.0
2043,-200.0
2044,-200.0
2045,-200.0
2046,-200.0
2047,-200.0
2048,-200.0
2049,-200.0
2050,-200.0
2051,-200.0
2052,-200.0
2053,-200.0
2054,-200.0
2055,-200.0
2056,-200.0
2057,-200.0
2058,-200.0
2059,-200.0
2060,-200.0
2061,-200.0
2062,-200.0
2063,-200.0
2064,-200.0
2065,-200.0
2066,-200.0
2067,-200.0
2068,-200.0
2069,-200.0
2070,-200.0
2071,-200.0
2072,-195.0
2073,-200.0
2074,-200.0
2075,-200.0
2076,-200.0
2077,-200.0
2078,-174.0
2079,-200.0
2080,-183.0
2081,-200.0
2082,-169.0
2083,-200.0
2084,-200.0
2085,-180.0
2086,-200.0
2087,-164.0
2088,-197.0
2089,-200.0
2090,-159.0
2091,-200.0
2092,-200.0
2093,-200.0
2094,-200.0
2095,-200.0
2096,-200.0
2097,-200.0
2098,-158.0
2099,-200.0
2100,-200.0
2101,-200.0
2102,-200.0
2103,-200.0
2104,-200.0
2105,-200.0
2106,-200.0
2107,-200.0
2108,-200.0
2109,-200.0
2110,-200.0
2111,-200.0
2112,-200.0
2113,-200.0
2114,-200.0
2115,-200.0
2116,-200.0
2117,-200.0
2118,-200.0
2119,-200.0
2120,-200.0
2121,-200.0
2122,-200.0
2123,-200.0
2124,-200.0
2125,-200.0
2126,-200.0
2127,-200.0
2128,-200.0
2129,-200.0
2130,-200.0
2131,-200.0
2132,-200.0
2133,-200.0
2134,-200.0
2135,-200.0
2136,-200.0
2137,-200.0
2138,-200.0
2139,-200.0
2140,-200.0
2141,-200.0
2142,-200.0
2143,-200.0
2144,-200.0
2145,-200.0
2146,-200.0
2147,-200.0
2148,-200.0
2149,-200.0
2150,-200.0
2151,-200.0
2152,-200.0
2153,-200.0
2154,-200.0
2155,-200.0
2156,-200.0
2157,-200.0
2158,-200.0
2159,-200.0
2160,-200.0
2161,-200.0
2162,-200.0
2163,-200.0
2164,-200.0
2165,-200.0
2166,-200.0
2167,-200.0
2168,-200.0
2169,-200.0
2170,-200.0
2171,-200.0
2172,-200.0
2173,-200.0
2174,-200.0
2175,-200.0
2176,-200.0
2177,-200.0
2178,-200.0
2179,-200.0
2180,-200.0
2181,-200.0
2182,-200.0
2183,-200.0
2184,-200.0
2185,-200.0
2186,-200.0
2187,-200.0
2188,-200.0
2189,-200.0
2190,-200.0
2191,-200.0
2192,-200.0
2193,-200.0
2194,-200.0
2195,-200.0
2196,-200.0
2197,-200.0
2198,-200.0
2199,-200.0
2200,-200.0
2201,-200.0
2202,-200.0
2203,-200.0
2204,-200.0
2205,-200.0
2206,-200.0
2207,-200.0
2208,-200.0
2209,-200.0
2210,-200.0
2211,-200.0
2212,-200.0
2213,-200.0
2214,-197.0
2215,-200.0
2216,-200.0
2217,-200.0
2218,-200.0
2219,-200.0
2220,-200.0
2221,-200.0
2222,-200.0
2223,-200.0
2224,-164.0
2225,-200.0
2226,-168.0
2227,-200.0
2228,-200.0
2229,-200.0
2230,-200.0
2231,-192.0
2232,-200.0
2233,-200.0
2234,-200.0
2235,-200.0
2236,-160.0
2237,-200.0
2238,-200.0
2239,-166.0
2240,-200.0
2241,-200.0
2242,-200.0
2243,-200.0
2244,-200.0
2245,-200.0
2246,-200.0
2247,-200.0
2248,-200.0
2249,-200.0
2250,-200.0
2251,-200.0
2252,-200.0
2253,-200.0
2254,-200.0
2255,-200.0
2256,-200.0
2257,-200.0
2258,-163.0
2259,-200.0
2260,-200.0
2261,-200.0
2262,-200.0
2263,-200.0
2264,-186.0
2265,-200.0
2266,-172.0
2267,-200.0
2268,-185.0
2269,-200.0
2270,-200.0
2271,-200.0
2272,-200.0
2273,-200.0
2274,-180.0
2275,-170.0
2276,-200.0
2277,-200.0
2278,-191.0
2279,-161.0
2280,-200.0
2281,-171.0
2282,-200.0
2283,-200.0
2284,-200.0
2285,-200.0
2286,-175.0
2287,-200.0
2288,-200.0
2289,-200.0
2290,-200.0
2291,-200.0
2292,-200.0
2293,-193.0
2294,-200.0
2295,-200.0
2296,-200.0
2297,-200.0
2298,-200.0
2299,-200.0
2300,-200.0
2301,-200.0
2302,-200.0
2303,-200.0
2304,-200.0
2305,-200.0
2306,-200.0
2307,-200.0
2308,-200.0
2309,-200.0
2310,-200.0
2311,-200.0
2312,-200.0
2313,-200.0
2314,-200.0
2315,-200.0
2316,-200.0
2317,-200.0
2318,-200.0
2319,-200.0
2320,-200.0
2321,-200.0
2322,-200.0
2323,-200.0
2324,-200.0
2325,-200.0
2326,-200.0
2327,-200.0
2328,-200.0
2329,-200.0
2330,-200.0
2331,-200.0
2332,-200.0
2333,-200.0
2334,-200.0
2335,-200.0
2336,-200.0
2337,-200.0
2338,-200.0
2339,-200.0
2340,-200.0
2341,-200.0
2342,-200.0
2343,-200.0
2344,-200.0
2345,-200.0
2346,-200.0
2347,-200.0
2348,-200.0
2349,-200.0
2350,-200.0
2351,-200.0
2352,-200.0
2353,-200.0
2354,-200.0
2355,-200.0
2356,-200.0
2357,-200.0
2358,-200.0
2359,-200.0
2360,-200.0
2361,-200.0
2362,-200.0
2363,-200.0
2364,-200.0
2365,-200.0
2366,-200.0
2367,-200.0
2368,-200.0
2369,-200.0
2370,-200.0
2371,-200.0
2372,-200.0
2373,-200.0
2374,-198.0
2375,-200.0
2376,-200.0
2377,-200.0
2378,-200.0
2379,-195.0
2380,-200.0
2381,-200.0
2382,-200.0
2383,-168.0
2384,-200.0
2385,-185.0
2386,-199.0
2387,-200.0
2388,-164.0
2389,-200.0
2390,-158.0
2391,-200.0
2392,-172.0
2393,-196.0
2394,-200.0
2395,-200.0
2396,-200.0
2397,-200.0
2398,-200.0
2399,-200.0
2400,-200.0
2401,-200.0
2402,-200.0
2403,-200.0
2404,-200.0
2405,-200.0
2406,-200.0
2407,-166.0
2408,-200.0
2409,-200.0
2410,-200.0
2411,-161.0
2412,-200.0
2413,-200.0
2414,-200.0
2415,-164.0
2416,-164.0
2417,-200.0
2418,-200.0
2419,-185.0
2420,-200.0
2421,-200.0
2422,-200.0
2423,-200.0
2424,-200.0
2425,-200.0
2426,-165.0
2427,-172.0
2428,-200.0
2429,-200.0
2430,-171.0
2431,-173.0
2432,-179.0
2433,-200.0
2434,-165.0
2435,-200.0
2436,-200.0
2437,-200.0
2438,-200.0
2439,-167.0
2440,-173.0
2441,-200.0
2442,-180.0
2443,-200.0
2444,-170.0
2445,-200.0
2446,-200.0
2447,-200.0
2448,-200.0
2449,-200.0
2450,-200.0
2451,-169.0
2452,-200.0
2453,-200.0
2454,-200.0
2455,-200.0
2456,-200.0
2457,-200.0
2458,-200.0
2459,-200.0
2460,-200.0
2461,-200.0
2462,-200.0
2463,-184.0
2464,-200.0
2465,-170.0
2466,-200.0
2467,-168.0
2468,-162.0
2469,-200.0
2470,-200.0
2471,-200.0
2472,-200.0
2473,-200.0
2474,-200.0
2475,-184.0
2476,-200.0
2477,-200.0
2478,-200.0
2479,-190.0
2480,-200.0
2481,-186.0
2482,-200.0
2483,-200.0
2484,-200.0
2485,-191.0
2486,-159.0
2487,-200.0
2488,-200.0
2489,-158.0
2490,-200.0
2491,-200.0
2492,-200.0
2493,-196.0
2494,-200.0
2495,-200.0
2496,-195.0
2497,-200.0
2498,-200.0
2499,-200.0
2500,-169.0
2501,-199.0
2502,-196.0
2503,-200.0
2504,-169.0
2505,-200.0
2506,-200.0
2507,-198.0
2508,-200.0
2509,-200.0
2510,-200.0
2511,-200.0
2512,-200.0
2513,-200.0
2514,-186.0
2515,-200.0
2516,-200.0
2517,-200.0
2518,-200.0
2519,-200.0
2520,-200.0
2521,-200.0
2522,-187.0
2523,-165.0
2524,-162.0
2525,-200.0
2526,-200.0
2527,-200.0
2528,-166.0
2529,-200.0
2530,-200.0
2531,-200.0
2532,-200.0
2533,-200.0
2534,-200.0
2535,-170.0
2536,-200.0
2537,-200.0
2538,-200.0
2539,-200.0
2540,-200.0
2541,-200.0
2542,-200.0
2543,-200.0
2544,-200.0
2545,-200.0
2546,-200.0
2547,-200.0
2548,-200.0
2549,-200.0
2550,-200.0
2551,-200.0
2552,-179.0
2553,-200.0
2554,-200.0
2555,-200.0
2556,-200.0
2557,-200.0
2558,-200.0
2559,-200.0
2560,-200.0
2561,-200.0
2562,-200.0
2563,-200.0
2564,-200.0
2565,-200.0
2566,-200.0
2567,-200.0
2568,-200.0
2569,-200.0
2570,-200.0
2571,-200.0
2572,-200.0
2573,-192.0
2574,-192.0
2575,-200.0
2576,-200.0
2577,-200.0
2578,-191.0
2579,-194.0
2580,-200.0
2581,-200.0
2582,-200.0
2583,-191.0
2584,-200.0
2585,-200.0
2586,-200.0
2587,-200.0
2588,-182.0
2589,-200.0
2590,-200.0
2591,-200.0
2592,-200.0
2593,-200.0
2594,-157.0
2595,-200.0
2596,-180.0
2597,-200.0
2598,-200.0
2599,-200.0
2600,-200.0
2601,-200.0
2602,-200.0
2603,-200.0
2604,-184.0
2605,-200.0
2606,-200.0
2607,-164.0
2608,-200.0
2609,-200.0
2610,-200.0
2611,-200.0
2612,-200.0
2613,-200.0
2614,-200.0
2615,-200.0
2616,-200.0
2617,-200.0
2618,-200.0
2619,-200.0
2620,-200.0
2621,-183.0
2622,-200.0
2623,-200.0
2624,-200.0
2625,-200.0
2626,-200.0
2627,-200.0
2628,-200.0
2629,-200.0
2630,-200.0
2631,-200.0
2632,-200.0
2633,-200.0
2634,-200.0
2635,-160.0
2636,-200.0
2637,-200.0
2638,-200.0
2639,-200.0
2640,-200.0
2641,-198.0
2642,-200.0
2643,-200.0
2644,-200.0
2645,-200.0
2646,-200.0
2647,-200.0
2648,-200.0
2649,-200.0
2650,-200.0
2651,-200.0
2652,-200.0
2653,-200.0
2654,-200.0
2655,-200.0
2656,-200.0
2657,-200.0
2658,-167.0
2659,-200.0
2660,-200.0
2661,-200.0
2662,-200.0
2663,-200.0
2664,-200.0
2665,-200.0
2666,-197.0
2667,-188.0
2668,-200.0
2669,-200.0
2670,-200.0
2671,-190.0
2672,-200.0
2673,-200.0
2674,-183.0
2675,-200.0
2676,-186.0
2677,-193.0
2678,-200.0
2679,-200.0
2680,-200.0
2681,-200.0
2682,-188.0
2683,-163.0
2684,-158.0
2685,-200.0
2686,-188.0
2687,-200.0
2688,-169.0
2689,-200.0
2690,-160.0
2691,-181.0
2692,-200.0
2693,-170.0
2694,-200.0
2695,-193.0
2696,-162.0
2697,-162.0
2698,-200.0
2699,-200.0
2700,-200.0
2701,-200.0
2702,-165.0
2703,-188.0
2704,-176.0
2705,-200.0
2706,-194.0
2707,-196.0
2708,-200.0
2709,-164.0
2710,-200.0
2711,-169.0
2712,-165.0
2713,-200.0
2714,-183.0
2715,-175.0
2716,-200.0
2717,-174.0
2718,-200.0
2719,-200.0
2720,-200.0
2721,-200.0
2722,-200.0
2723,-170.0
2724,-200.0
2725,-196.0
2726,-200.0
2727,-200.0
2728,-160.0
2729,-200.0
2730,-170.0
2731,-163.0
2732,-200.0
2733,-200.0
2734,-165.0
2735,-197.0
2736,-200.0
2737,-200.0
2738,-200.0
2739,-200.0
2740,-200.0
2741,-200.0
2742,-200.0
2743,-200.0
2744,-200.0
2745,-200.0
2746,-200.0
2747,-200.0
2748,-200.0
2749,-200.0
2750,-200.0
2751,-200.0
2752,-163.0
2753,-200.0
2754,-200.0
2755,-200.0
2756,-162.0
2757,-200.0
2758,-200.0
2759,-153.0
2760,-200.0
2761,-200.0
2762,-200.0
2763,-200.0
2764,-200.0
2765,-200.0
2766,-200.0
2767,-168.0
2768,-200.0
2769,-200.0
2770,-200.0
2771,-200.0
2772,-200.0
2773,-200.0
2774,-200.0
2775,-200.0
2776,-200.0
2777,-200.0
2778,-200.0
2779,-200.0
2780,-200.0
2781,-200.0
2782,-200.0
2783,-185.0
2784,-200.0
2785,-200.0
2786,-157.0
2787,-164.0
2788,-200.0
2789,-200.0
2790,-168.0
2791,-158.0
2792,-200.0
2793,-200.0
2794,-200.0
2795,-200.0
2796,-200.0
2797,-163.0
2798,-169.0
2799,-200.0
2800,-161.0
2801,-200.0
2802,-200.0
2803,-200.0
2804,-200.0
2805,-200.0
2806,-200.0
2807,-200.0
2808,-200.0
2809,-200.0
2810,-200.0
2811,-200.0
2812,-200.0
2813,-200.0
2814,-200.0
2815,-200.0
2816,-200.0
2817,-200.0
2818,-200.0
2819,-200.0
2820,-200.0
2821,-200.0
2822,-200.0
2823,-200.0
2824,-200.0
2825,-200.0
2826,-200.0
2827,-200.0
2828,-171.0
2829,-200.0
2830,-200.0
2831,-200.0
2832,-200.0
2833,-200.0
2834,-200.0
2835,-200.0
2836,-200.0
2837,-200.0
2838,-191.0
2839,-200.0
2840,-200.0
2841,-180.0
2842,-200.0
2843,-200.0
2844,-200.0
2845,-200.0
2846,-200.0
2847,-200.0
2848,-200.0
2849,-200.0
2850,-200.0
2851,-200.0
2852,-200.0
2853,-192.0
2854,-200.0
2855,-200.0
2856,-200.0
2857,-200.0
2858,-200.0
2859,-200.0
2860,-200.0
2861,-200.0
2862,-170.0
2863,-200.0
2864,-200.0
2865,-200.0
2866,-186.0
2867,-200.0
2868,-200.0
2869,-200.0
2870,-191.0
2871,-200.0
2872,-199.0
2873,-200.0
2874,-198.0
2875,-155.0
2876,-177.0
2877,-200.0
2878,-200.0
2879,-200.0
2880,-197.0
2881,-156.0
2882,-166.0
2883,-200.0
2884,-175.0
2885,-162.0
2886,-200.0
2887,-200.0
2888,-200.0
2889,-200.0
2890,-200.0
2891,-168.0
2892,-174.0
2893,-167.0
2894,-200.0
2895,-157.0
2896,-200.0
2897,-162.0
2898,-200.0
2899,-182.0
2900,-166.0
2901,-158.0
2902,-158.0
2903,-196.0
2904,-163.0
2905,-200.0
2906,-172.0
2907,-190.0
2908,-200.0
2909,-145.0
2910,-160.0
2911,-200.0
2912,-183.0
2913,-200.0
2914,-200.0
2915,-200.0
2916,-200.0
2917,-200.0
2918,-200.0
2919,-160.0
2920,-200.0
2921,-200.0
2922,-200.0
2923,-200.0
2924,-200.0
2925,-200.0
2926,-200.0
2927,-200.0
2928,-200.0
2929,-200.0
2930,-200.0
2931,-200.0
2932,-200.0
2933,-200.0
2934,-200.0
2935,-200.0
2936,-200.0
2937,-200.0
2938,-200.0
2939,-200.0
2940,-200.0
2941,-200.0
2942,-200.0
2943,-200.0
2944,-200.0
2945,-200.0
2946,-200.0
2947,-200.0
2948,-200.0
2949,-200.0
2950,-200.0
2951,-200.0
2952,-200.0
2953,-200.0
2954,-200.0
2955,-200.0
2956,-200.0
2957,-200.0
2958,-200.0
2959,-200.0
2960,-200.0
2961,-200.0
2962,-200.0
2963,-200.0
2964,-200.0
2965,-200.0
2966,-200.0
2967,-200.0
2968,-200.0
2969,-200.0
2970,-200.0
2971,-200.0
2972,-200.0
2973,-200.0
2974,-200.0
2975,-200.0
2976,-200.0
2977,-200.0
2978,-200.0
2979,-200.0
2980,-200.0
2981,-200.0
2982,-200.0
2983,-200.0
2984,-200.0
2985,-200.0
2986,-200.0
2987,-200.0
2988,-200.0
2989,-200.0
2990,-200.0
2991,-200.0
2992,-200.0
2993,-200.0
2994,-200.0
2995,-200.0
2996,-200.0
2997,-200.0
2998,-200.0
2999,-200.0
3000,-200.0
3001,-200.0
3002,-199.0
3003,-200.0
3004,-200.0
3005,-200.0
3006,-200.0
3007,-200.0
3008,-200.0
3009,-200.0
3010,-200.0
3011,-200.0
3012,-200.0
3013,-200.0
3014,-200.0
3015,-200.0
3016,-200.0
3017,-200.0
3018,-200.0
3019,-200.0
3020,-200.0
3021,-200.0
3022,-200.0
3023,-200.0
3024,-200.0
3025,-200.0
3026,-200.0
3027,-200.0
3028,-200.0
3029,-200.0
3030,-200.0
3031,-190.0
3032,-200.0
3033,-200.0
3034,-200.0
3035,-200.0
3036,-198.0
3037,-198.0
3038,-200.0
3039,-200.0
3040,-200.0
3041,-200.0
3042,-200.0
3043,-200.0
3044,-200.0
3045,-200.0
3046,-200.0
3047,-189.0
3048,-200.0
3049,-197.0
3050,-200.0
3051,-200.0
3052,-200.0
3053,-193.0
3054,-200.0
3055,-163.0
3056,-200.0
3057,-186.0
3058,-200.0
3059,-200.0
3060,-166.0
3061,-200.0
3062,-200.0
3063,-200.0
3064,-200.0
3065,-200.0
3066,-200.0
3067,-195.0
3068,-189.0
3069,-167.0
3070,-200.0
3071,-200.0
3072,-200.0
3073,-194.0
3074,-200.0
3075,-190.0
3076,-200.0
3077,-200.0
3078,-183.0
3079,-200.0
3080,-200.0
3081,-200.0
3082,-200.0
3083,-200.0
3084,-200.0
3085,-200.0
3086,-164.0
3087,-195.0
3088,-200.0
3089,-153.0
3090,-200.0
3091,-159.0
3092,-200.0
3093,-200.0
3094,-200.0
3095,-166.0
3096,-200.0
3097,-200.0
3098,-200.0
3099,-200.0
3100,-200.0
3101,-200.0
3102,-200.0
3103,-200.0
3104,-200.0
3105,-168.0
3106,-200.0
3107,-200.0
3108,-200.0
3109,-200.0
3110,-172.0
3111,-200.0
3112,-200.0
3113,-200.0
3114,-200.0
3115,-200.0
3116,-200.0
3117,-200.0
3118,-200.0
3119,-200.0
3120,-200.0
3121,-200.0
3122,-199.0
3123,-200.0
3124,-200.0
3125,-200.0
3126,-200.0
3127,-200.0
3128,-200.0
3129,-200.0
3130,-200.0
3131,-200.0
3132,-200.0
3133,-200.0
3134,-200.0
3135,-200.0
3136,-200.0
3137,-200.0
3138,-200.0
3139,-200.0
3140,-200.0
3141,-200.0
3142,-200.0
3143,-200.0
3144,-200.0
3145,-200.0
3146,-197.0
3147,-200.0
3148,-200.0
3149,-179.0
3150,-200.0
3151,-200.0
3152,-200.0
3153,-200.0
3154,-200.0
3155,-200.0
3156,-200.0
3157,-200.0
3158,-200.0
3159,-200.0
3160,-200.0
3161,-200.0
3162,-200.0
3163,-200.0
3164,-200.0
3165,-200.0
3166,-200.0
3167,-200.0
3168,-200.0
3169,-200.0
3170,-200.0
3171,-200.0
3172,-200.0
3173,-187.0
3174,-200.0
3175,-200.0
3176,-200.0
3177,-200.0
3178,-200.0
3179,-200.0
3180,-200.0
3181,-200.0
3182,-200.0
3183,-200.0
3184,-200.0
3185,-200.0
3186,-200.0
3187,-200.0
3188,-200.0
3189,-200.0
3190,-200.0
3191,-200.0
3192,-200.0
3193,-200.0
3194,-200.0
3195,-200.0
3196,-200.0
3197,-200.0
3198,-200.0
3199,-200.0
3200,-200.0
3201,-200.0
3202,-200.0
3203,-200.0
3204,-200.0
3205,-200.0
3206,-200.0
3207,-200.0
3208,-200.0
3209,-200.0
3210,-200.0
3211,-200.0
3212,-200.0
3213,-200.0
3214,-200.0
3215,-200.0
3216,-200.0
3217,-200.0
3218,-200.0
3219,-200.0
3220,-200.0
3221,-200.0
3222,-200.0
3223,-200.0
3224,-200.0
3225,-200.0
3226,-200.0
3227,-200.0
3228,-200.0
3229,-200.0
3230,-200.0
3231,-200.0
3232,-200.0
3233,-200.0
3234,-200.0
3235,-200.0
3236,-200.0
3237,-200.0
3238,-200.0
3239,-200.0
3240,-200.0
3241,-200.0
3242,-200.0
3243,-200.0
3244,-200.0
3245,-200.0
3246,-200.0
3247,-200.0
3248,-200.0
3249,-200.0
3250,-200.0
3251,-200.0
3252,-200.0
3253,-200.0
3254,-200.0
3255,-200.0
3256,-200.0
3257,-200.0
3258,-200.0
3259,-184.0
3260,-200.0
3261,-200.0
3262,-200.0
3263,-200.0
3264,-200.0
3265,-200.0
3266,-200.0
3267,-200.0
3268,-196.0
3269,-200.0
3270,-200.0
3271,-200.0
3272,-200.0
3273,-200.0
3274,-200.0
3275,-200.0
3276,-200.0
3277,-200.0
3278,-193.0
3279,-200.0
3280,-200.0
3281,-200.0
3282,-200.0
3283,-200.0
3284,-193.0
3285,-198.0
3286,-194.0
3287,-200.0
3288,-198.0
3289,-200.0
3290,-200.0
3291,-195.0
3292,-195.0
3293,-200.0
3294,-200.0
3295,-200.0
3296,-200.0
3297,-200.0
3298,-200.0
3299,-200.0
3300,-200.0
3301,-200.0
3302,-200.0
3303,-194.0
3304,-200.0
3305,-200.0
3306,-200.0
3307,-185.0
3308,-200.0
3309,-192.0
3310,-200.0
3311,-189.0
3312,-200.0
3313,-164.0
3314,-200.0
3315,-200.0
3316,-197.0
3317,-200.0
3318,-200.0
3319,-190.0
3320,-185.0
3321,-157.0
3322,-158.0
3323,-189.0
3324,-197.0
3325,-163.0
3326,-200.0
3327,-198.0
3328,-193.0
3329,-200.0
3330,-200.0
3331,-165.0
3332,-195.0
3333,-184.0
3334,-181.0
3335,-200.0
3336,-200.0
3337,-163.0
3338,-196.0
3339,-198.0
3340,-163.0
3341,-155.0
3342,-200.0
3343,-162.0
3344,-200.0
3345,-200.0
3346,-167.0
3347,-187.0
3348,-152.0
3349,-161.0
3350,-180.0
3351,-162.0
3352,-160.0
3353,-200.0
3354,-167.0
3355,-163.0
3356,-200.0
3357,-157.0
3358,-166.0
3359,-154.0
3360,-149.0
3361,-147.0
3362,-200.0
3363,-200.0
3364,-200.0
3365,-200.0
3366,-156.0
3367,-200.0
3368,-200.0
3369,-171.0
3370,-179.0
3371,-171.0
3372,-183.0
3373,-178.0
3374,-175.0
3375,-200.0
3376,-195.0
3377,-161.0
3378,-200.0
3379,-200.0
3380,-200.0
3381,-200.0
3382,-200.0
3383,-189.0
3384,-173.0
3385,-168.0
3386,-162.0
3387,-198.0
3388,-167.0
3389,-181.0
3390,-200.0
3391,-200.0
3392,-200.0
3393,-168.0
3394,-156.0
3395,-184.0
3396,-200.0
3397,-158.0
3398,-168.0
3399,-171.0
3400,-200.0
3401,-186.0
3402,-200.0
3403,-194.0
3404,-167.0
3405,-169.0
3406,-165.0
3407,-196.0
3408,-157.0
3409,-161.0
3410,-158.0
3411,-155.0
3412,-159.0
3413,-161.0
3414,-200.0
3415,-200.0
3416,-200.0
3417,-166.0
3418,-200.0
3419,-200.0
3420,-182.0
3421,-164.0
3422,-191.0
3423,-164.0
3424,-200.0
3425,-171.0
3426,-200.0
3427,-169.0
3428,-200.0
3429,-200.0
3430,-192.0
3431,-166.0
3432,-154.0
3433,-156.0
3434,-200.0
3435,-159.0
3436,-183.0
3437,-162.0
3438,-179.0
3439,-200.0
3440,-191.0
3441,-160.0
3442,-200.0
3443,-200.0
3444,-200.0
3445,-200.0
3446,-200.0
3447,-163.0
3448,-200.0
3449,-200.0
3450,-172.0
3451,-200.0
3452,-163.0
3453,-167.0
3454,-200.0
3455,-200.0
3456,-200.0
3457,-200.0
3458,-200.0
3459,-200.0
3460,-162.0
3461,-200.0
3462,-200.0
3463,-200.0
3464,-200.0
3465,-200.0
3466,-200.0
3467,-200.0
3468,-200.0
3469,-200.0
3470,-200.0
3471,-200.0
3472,-200.0
3473,-200.0
3474,-200.0
3475,-200.0
3476,-167.0
3477,-200.0
3478,-200.0
3479,-200.0
3480,-200.0
3481,-200.0
3482,-200.0
3483,-200.0
3484,-200.0
3485,-200.0
3486,-200.0
3487,-200.0
3488,-200.0
3489,-200.0
3490,-171.0
3491,-200.0
3492,-200.0
3493,-200.0
3494,-200.0
3495,-200.0
3496,-200.0
3497,-200.0
3498,-200.0
3499,-200.0
3500,-200.0
3501,-188.0
3502,-192.0
3503,-200.0
3504,-162.0
3505,-200.0
3506,-200.0
3507,-200.0
3508,-169.0
3509,-200.0
3510,-200.0
3511,-200.0
3512,-200.0
3513,-200.0
3514,-200.0
3515,-200.0
3516,-200.0
3517,-200.0
3518,-200.0
3519,-200.0
3520,-197.0
3521,-161.0
3522,-200.0
3523,-200.0
3524,-200.0
3525,-161.0
3526,-200.0
3527,-157.0
3528,-179.0
3529,-175.0
3530,-172.0
3531,-172.0
3532,-200.0
3533,-174.0
3534,-200.0
3535,-170.0
3536,-200.0
3537,-200.0
3538,-200.0
3539,-161.0
3540,-200.0
3541,-160.0
3542,-161.0
3543,-200.0
3544,-165.0
3545,-165.0
3546,-164.0
3547,-200.0
3548,-166.0
3549,-200.0
3550,-200.0
3551,-164.0
3552,-200.0
3553,-200.0
3554,-190.0
3555,-200.0
3556,-200.0
3557,-200.0
3558,-200.0
3559,-200.0
3560,-168.0
3561,-200.0
3562,-156.0
3563,-200.0
3564,-195.0
3565,-167.0
3566,-163.0
3567,-200.0
3568,-200.0
3569,-178.0
3570,-200.0
3571,-200.0
3572,-200.0
3573,-189.0
3574,-200.0
3575,-177.0
3576,-200.0
3577,-155.0
3578,-200.0
3579,-164.0
3580,-200.0
3581,-155.0
3582,-165.0
3583,-157.0
3584,-171.0
3585,-159.0
3586,-200.0
3587,-200.0
3588,-167.0
3589,-161.0
3590,-158.0
3591,-161.0
3592,-199.0
3593,-176.0
3594,-160.0
3595,-162.0
3596,-165.0
3597,-200.0
3598,-157.0
3599,-200.0
3600,-161.0
3601,-200.0
3602,-159.0
3603,-157.0
3604,-200.0
3605,-152.0
3606,-156.0
3607,-147.0
3608,-200.0
3609,-153.0
3610,-200.0
3611,-147.0
3612,-157.0
3613,-200.0
3614,-200.0
3615,-151.0
3616,-200.0
3617,-200.0
3618,-200.0
3619,-152.0
3620,-146.0
3621,-148.0
3622,-155.0
3623,-149.0
3624,-150.0
3625,-200.0
3626,-200.0
3627,-200.0
3628,-200.0
3629,-200.0
3630,-200.0
3631,-151.0
3632,-200.0
3633,-147.0
3634,-156.0
3635,-200.0
3636,-195.0
3637,-200.0
3638,-200.0
3639,-200.0
3640,-200.0
3641,-164.0
3642,-200.0
3643,-200.0
3644,-200.0
3645,-200.0
3646,-158.0
3647,-200.0
3648,-200.0
3649,-200.0
3650,-200.0
3651,-200.0
3652,-200.0
3653,-200.0
3654,-200.0
3655,-200.0
3656,-200.0
3657,-200.0
3658,-200.0
3659,-200.0
3660,-200.0
3661,-200.0
3662,-198.0
3663,-200.0
3664,-200.0
3665,-200.0
3666,-200.0
3667,-200.0
3668,-200.0
3669,-200.0
3670,-200.0
3671,-200.0
3672,-200.0
3673,-200.0
3674,-200.0
3675,-200.0
3676,-200.0
3677,-193.0
3678,-187.0
3679,-200.0
3680,-184.0
3681,-189.0
3682,-200.0
3683,-188.0
3684,-172.0
3685,-200.0
3686,-191.0
3687,-192.0
3688,-199.0
3689,-199.0
3690,-200.0
3691,-200.0
3692,-156.0
3693,-158.0
3694,-200.0
3695,-189.0
3696,-200.0
3697,-155.0
3698,-153.0
3699,-200.0
3700,-200.0
3701,-200.0
3702,-200.0
3703,-199.0
3704,-185.0
3705,-175.0
3706,-187.0
3707,-184.0
3708,-200.0
3709,-161.0
3710,-166.0
3711,-189.0
3712,-194.0
3713,-195.0
3714,-200.0
3715,-158.0
3716,-164.0
3717,-188.0
3718,-190.0
3719,-189.0
3720,-173.0
3721,-200.0
3722,-155.0
3723,-186.0
3724,-155.0
3725,-186.0
3726,-186.0
3727,-159.0
3728,-200.0
3729,-200.0
3730,-150.0
3731,-152.0
3732,-168.0
3733,-200.0
3734,-191.0
3735,-186.0
3736,-155.0
3737,-191.0
3738,-200.0
3739,-190.0
3740,-169.0
3741,-193.0
3742,-189.0
3743,-159.0
3744,-194.0
3745,-183.0
3746,-200.0
3747,-200.0
3748,-156.0
3749,-198.0
3750,-146.0
3751,-164.0
3752,-183.0
3753,-152.0
3754,-151.0
3755,-163.0
3756,-184.0
3757,-163.0
3758,-170.0
3759,-163.0
3760,-164.0
3761,-144.0
3762,-152.0
3763,-153.0
3764,-170.0
3765,-155.0
3766,-189.0
3767,-156.0
3768,-157.0
3769,-154.0
3770,-200.0
3771,-155.0
3772,-165.0
3773,-164.0
3774,-193.0
3775,-200.0
3776,-200.0
3777,-200.0
3778,-200.0
3779,-188.0
3780,-169.0
3781,-178.0
3782,-156.0
3783,-154.0
3784,-150.0
3785,-200.0
3786,-174.0
3787,-178.0
3788,-166.0
3789,-158.0
3790,-200.0
3791,-196.0
3792,-176.0
3793,-200.0
3794,-200.0
3795,-200.0
3796,-200.0
3797,-185.0
3798,-200.0
3799,-200.0
3800,-200.0
3801,-200.0
3802,-200.0
3803,-182.0
3804,-200.0
3805,-175.0
3806,-200.0
3807,-200.0
3808,-200.0
3809,-200.0
3810,-200.0
3811,-200.0
3812,-200.0
3813,-200.0
3814,-200.0
3815,-200.0
3816,-170.0
3817,-200.0
3818,-162.0
3819,-200.0
3820,-200.0
3821,-184.0
3822,-200.0
3823,-200.0
3824,-200.0
3825,-164.0
3826,-200.0
3827,-159.0
3828,-200.0
3829,-200.0
3830,-200.0
3831,-200.0
3832,-200.0
3833,-200.0
3834,-200.0
3835,-200.0
3836,-200.0
3837,-200.0
3838,-200.0
3839,-200.0
3840,-200.0
3841,-200.0
3842,-200.0
3843,-200.0
3844,-200.0
3845,-200.0
3846,-200.0
3847,-200.0
3848,-200.0
3849,-200.0
3850,-200.0
3851,-195.0
3852,-200.0
3853,-200.0
3854,-200.0
3855,-200.0
3856,-200.0
3857,-200.0
3858,-200.0
3859,-200.0
3860,-200.0
3861,-200.0
3862,-200.0
3863,-200.0
3864,-200.0
3865,-200.0
3866,-200.0
3867,-200.0
3868,-200.0
3869,-200.0
3870,-200.0
3871,-198.0
3872,-200.0
3873,-198.0
3874,-200.0
3875,-198.0
3876,-199.0
3877,-198.0
3878,-200.0
3879,-200.0
3880,-200.0
3881,-200.0
3882,-200.0
3883,-200.0
3884,-200.0
3885,-200.0
3886,-198.0
3887,-200.0
3888,-200.0
3889,-200.0
3890,-200.0
3891,-175.0
3892,-193.0
3893,-200.0
3894,-195.0
3895,-197.0
3896,-177.0
3897,-200.0
3898,-200.0
3899,-200.0
3900,-175.0
3901,-200.0
3902,-195.0
3903,-200.0
3904,-180.0
3905,-191.0
3906,-200.0
3907,-164.0
3908,-200.0
3909,-153.0
3910,-167.0
3911,-200.0
3912,-200.0
3913,-158.0
3914,-172.0
3915,-200.0
3916,-175.0
3917,-190.0
3918,-200.0
3919,-200.0
3920,-186.0
3921,-155.0
3922,-159.0
3923,-154.0
3924,-200.0
3925,-200.0
3926,-165.0
3927,-149.0
3928,-153.0
3929,-200.0
3930,-186.0
3931,-154.0
3932,-166.0
3933,-200.0
3934,-185.0
3935,-200.0
3936,-200.0
3937,-200.0
3938,-200.0
3939,-200.0
3940,-200.0
3941,-151.0
3942,-200.0
3943,-200.0
3944,-200.0
3945,-169.0
3946,-195.0
3947,-200.0
3948,-150.0
3949,-200.0
3950,-200.0
3951,-167.0
3952,-200.0
3953,-200.0
3954,-195.0
3955,-154.0
3956,-200.0
3957,-200.0
3958,-200.0
3959,-171.0
3960,-200.0
3961,-178.0
3962,-182.0
3963,-200.0
3964,-157.0
3965,-200.0
3966,-187.0
3967,-163.0
3968,-200.0
3969,-162.0
3970,-166.0
3971,-200.0
3972,-200.0
3973,-200.0
3974,-196.0
3975,-162.0
3976,-177.0
3977,-200.0
3978,-160.0
3979,-176.0
3980,-151.0
3981,-165.0
3982,-200.0
3983,-200.0
3984,-200.0
3985,-200.0
3986,-200.0
3987,-167.0
3988,-200.0
3989,-200.0
3990,-200.0
3991,-200.0
3992,-200.0
3993,-200.0
3994,-200.0
3995,-200.0
3996,-162.0
3997,-159.0
3998,-200.0
3999,-159.0
4000,-163.0
4001,-158.0
4002,-151.0
4003,-167.0
4004,-200.0
4005,-182.0
4006,-159.0
4007,-153.0
4008,-155.0
4009,-200.0
4010,-193.0
4011,-196.0
4012,-164.0
4013,-188.0
4014,-157.0
4015,-200.0
4016,-166.0
4017,-154.0
4018,-157.0
4019,-161.0
4020,-152.0
4021,-153.0
4022,-161.0
4023,-166.0
4024,-200.0
4025,-200.0
4026,-200.0
4027,-200.0
4028,-151.0
4029,-200.0
4030,-200.0
4031,-165.0
4032,-163.0
4033,-168.0
4034,-200.0
4035,-147.0
4036,-153.0
4037,-200.0
4038,-174.0
4039,-200.0
4040,-200.0
4041,-149.0
4042,-200.0
4043,-153.0
4044,-160.0
4045,-164.0
4046,-168.0
4047,-160.0
4048,-200.0
4049,-200.0
4050,-156.0
4051,-181.0
4052,-200.0
4053,-179.0
4054,-165.0
4055,-170.0
4056,-152.0
4057,-164.0
4058,-164.0
4059,-184.0
4060,-149.0
4061,-157.0
4062,-153.0
4063,-170.0
4064,-200.0
4065,-200.0
4066,-141.0
4067,-157.0
4068,-154.0
4069,-153.0
4070,-156.0
4071,-200.0
4072,-154.0
4073,-155.0
4074,-200.0
4075,-199.0
4076,-130.0
4077,-148.0
4078,-200.0
4079,-200.0
4080,-156.0
4081,-149.0
4082,-200.0
4083,-200.0
4084,-158.0
4085,-200.0
4086,-200.0
4087,-200.0
4088,-200.0
4089,-157.0
4090,-153.0
4091,-200.0
4092,-200.0
4093,-200.0
4094,-200.0
4095,-200.0
4096,-200.0
4097,-200.0
4098,-200.0
4099,-200.0
4100,-200.0
4101,-200.0
4102,-200.0
4103,-200.0
4104,-200.0
4105,-200.0
4106,-200.0
4107,-200.0
4108,-200.0
4109,-200.0
4110,-200.0
4111,-200.0
4112,-200.0
4113,-200.0
4114,-200.0
4115,-200.0
4116,-200.0
4117,-200.0
4118,-200.0
4119,-200.0
4120,-200.0
4121,-200.0
4122,-200.0
4123,-200.0
4124,-200.0
4125,-200.0
4126,-200.0
4127,-200.0
4128,-200.0
4129,-200.0
4130,-200.0
4131,-200.0
4132,-200.0
4133,-200.0
4134,-200.0
4135,-200.0
4136,-200.0
4137,-200.0
4138,-200.0
4139,-200.0
4140,-200.0
4141,-200.0
4142,-200.0
4143,-200.0
4144,-200.0
4145,-200.0
4146,-200.0
4147,-200.0
4148,-200.0
4149,-200.0
4150,-200.0
4151,-200.0
4152,-200.0
4153,-200.0
4154,-194.0
4155,-200.0
4156,-200.0
4157,-191.0
4158,-200.0
4159,-200.0
4160,-200.0
4161,-200.0
4162,-200.0
4163,-200.0
4164,-200.0
4165,-200.0
4166,-200.0
4167,-200.0
4168,-200.0
4169,-200.0
4170,-200.0
4171,-200.0
4172,-200.0
4173,-200.0
4174,-200.0
4175,-200.0
4176,-200.0
4177,-200.0
4178,-200.0
4179,-200.0
4180,-200.0
4181,-200.0
4182,-200.0
4183,-200.0
4184,-200.0
4185,-200.0
4186,-200.0
4187,-200.0
4188,-190.0
4189,-190.0
4190,-200.0
4191,-200.0
4192,-195.0
4193,-200.0
4194,-161.0
4195,-200.0
4196,-200.0
4197,-177.0
4198,-200.0
4199,-200.0
4200,-200.0
4201,-185.0
4202,-181.0
4203,-194.0
4204,-200.0
4205,-190.0
4206,-159.0
4207,-168.0
4208,-200.0
4209,-152.0
4210,-200.0
4211,-164.0
4212,-147.0
4213,-189.0
4214,-177.0
4215,-200.0
4216,-163.0
4217,-200.0
4218,-200.0
4219,-190.0
4220,-200.0
4221,-199.0
4222,-169.0
4223,-200.0
4224,-156.0
4225,-200.0
4226,-200.0
4227,-178.0
4228,-200.0
4229,-200.0
4230,-200.0
4231,-200.0
4232,-146.0
4233,-200.0
4234,-200.0
4235,-162.0
4236,-200.0
4237,-150.0
4238,-200.0
4239,-200.0
4240,-174.0
4241,-200.0
4242,-145.0
4243,-158.0
4244,-147.0
4245,-200.0
4246,-160.0
4247,-200.0
4248,-188.0
4249,-200.0
4250,-161.0
4251,-166.0
4252,-174.0
4253,-163.0
4254,-200.0
4255,-170.0
4256,-200.0
4257,-172.0
4258,-200.0
4259,-166.0
4260,-165.0
4261,-166.0
4262,-200.0
4263,-163.0
4264,-200.0
4265,-200.0
4266,-172.0
4267,-168.0
4268,-171.0
4269,-200.0
4270,-200.0
4271,-167.0
4272,-200.0
4273,-200.0
4274,-200.0
4275,-200.0
4276,-200.0
4277,-200.0
4278,-200.0
4279,-200.0
4280,-200.0
4281,-200.0
4282,-169.0
4283,-167.0
4284,-200.0
4285,-197.0
4286,-162.0
4287,-200.0
4288,-165.0
4289,-200.0
4290,-200.0
4291,-167.0
4292,-200.0
4293,-162.0
4294,-167.0
4295,-200.0
4296,-194.0
4297,-168.0
4298,-158.0
4299,-162.0
4300,-200.0
4301,-200.0
4302,-200.0
4303,-191.0
4304,-196.0
4305,-200.0
4306,-183.0
4307,-200.0
4308,-157.0
4309,-200.0
4310,-200.0
4311,-190.0
4312,-188.0
4313,-162.0
4314,-186.0
4315,-190.0
4316,-159.0
4317,-200.0
4318,-192.0
4319,-163.0
4320,-159.0
4321,-200.0
4322,-200.0
4323,-200.0
4324,-170.0
4325,-159.0
4326,-169.0
4327,-200.0
4328,-200.0
4329,-200.0
4330,-156.0
4331,-194.0
4332,-200.0
4333,-153.0
4334,-200.0
4335,-200.0
4336,-200.0
4337,-157.0
4338,-154.0
4339,-148.0
4340,-156.0
4341,-148.0
4342,-153.0
4343,-162.0
4344,-166.0
4345,-200.0
4346,-153.0
4347,-150.0
4348,-157.0
4349,-200.0
4350,-160.0
4351,-154.0
4352,-149.0
4353,-155.0
4354,-165.0
4355,-162.0
4356,-160.0
4357,-157.0
4358,-200.0
4359,-151.0
4360,-150.0
4361,-168.0
4362,-154.0
4363,-148.0
4364,-158.0
4365,-147.0
4366,-159.0
4367,-193.0
4368,-152.0
4369,-162.0
4370,-150.0
4371,-200.0
4372,-156.0
4373,-151.0
4374,-144.0
4375,-157.0
4376,-158.0
4377,-152.0
4378,-147.0
4379,-146.0
4380,-155.0
4381,-151.0
4382,-158.0
4383,-157.0
4384,-169.0
4385,-147.0
4386,-149.0
4387,-163.0
4388,-200.0
4389,-156.0
4390,-145.0
4391,-152.0
4392,-200.0
4393,-157.0
4394,-156.0
4395,-157.0
4396,-155.0
4397,-157.0
4398,-160.0
4399,-165.0
4400,-163.0
4401,-166.0
4402,-163.0
4403,-152.0
4404,-161.0
4405,-149.0
4406,-157.0
4407,-156.0
4408,-165.0
4409,-196.0
4410,-169.0
4411,-172.0
4412,-200.0
4413,-160.0
4414,-169.0
4415,-200.0
4416,-168.0
4417,-200.0
4418,-168.0
4419,-157.0
4420,-162.0
4421,-161.0
4422,-200.0
4423,-162.0
4424,-168.0
4425,-161.0
4426,-169.0
4427,-165.0
4428,-162.0
4429,-158.0
4430,-170.0
4431,-165.0
4432,-162.0
4433,-162.0
4434,-158.0
4435,-171.0
4436,-195.0
4437,-200.0
4438,-157.0
4439,-200.0
4440,-151.0
4441,-200.0
4442,-200.0
4443,-170.0
4444,-168.0
4445,-162.0
4446,-200.0
4447,-200.0
4448,-174.0
4449,-200.0
4450,-200.0
4451,-200.0
4452,-200.0
4453,-164.0
4454,-174.0
4455,-200.0
4456,-200.0
4457,-165.0
4458,-200.0
4459,-168.0
4460,-200.0
4461,-200.0
4462,-200.0
4463,-200.0
4464,-200.0
4465,-200.0
4466,-200.0
4467,-200.0
4468,-200.0
4469,-200.0
4470,-200.0
4471,-200.0
4472,-200.0
4473,-200.0
4474,-200.0
4475,-200.0
4476,-200.0
4477,-200.0
4478,-200.0
4479,-200.0
4480,-200.0
4481,-200.0
4482,-200.0
4483,-200.0
4484,-200.0
4485,-200.0
4486,-200.0
4487,-200.0
4488,-200.0
4489,-200.0
4490,-200.0
4491,-200.0
4492,-200.0
4493,-200.0
4494,-200.0
4495,-200.0
4496,-200.0
4497,-200.0
4498,-200.0
4499,-200.0
4500,-200.0
4501,-200.0
4502,-200.0
4503,-200.0
4504,-200.0
4505,-173.0
4506,-200.0
4507,-200.0
4508,-200.0
4509,-181.0
4510,-200.0
4511,-200.0
4512,-200.0
4513,-199.0
4514,-200.0
4515,-200.0
4516,-200.0
4517,-200.0
4518,-200.0
4519,-194.0
4520,-194.0
4521,-176.0
4522,-191.0
4523,-200.0
4524,-170.0
4525,-200.0
4526,-197.0
4527,-174.0
4528,-166.0
4529,-173.0
4530,-200.0
4531,-200.0
4532,-165.0
4533,-175.0
4534,-168.0
4535,-200.0
4536,-165.0
4537,-200.0
4538,-200.0
4539,-200.0
4540,-200.0
4541,-162.0
4542,-186.0
4543,-166.0
4544,-195.0
4545,-165.0
4546,-200.0
4547,-200.0
4548,-173.0
4549,-190.0
4550,-158.0
4551,-177.0
4552,-162.0
4553,-165.0
4554,-180.0
4555,-166.0
4556,-156.0
4557,-173.0
4558,-196.0
4559,-194.0
4560,-200.0
4561,-160.0
4562,-167.0
4563,-158.0
4564,-190.0
4565,-169.0
4566,-200.0
4567,-166.0
4568,-157.0
4569,-180.0
4570,-159.0
4571,-163.0
4572,-194.0
4573,-172.0
4574,-162.0
4575,-161.0
4576,-158.0
4577,-157.0
4578,-198.0
4579,-168.0
4580,-163.0
4581,-158.0
4582,-188.0
4583,-174.0
4584,-200.0
4585,-152.0
4586,-200.0
4587,-162.0
4588,-173.0
4589,-200.0
4590,-174.0
4591,-151.0
4592,-179.0
4593,-200.0
4594,-145.0
4595,-149.0
4596,-200.0
4597,-160.0
4598,-148.0
4599,-200.0
4600,-200.0
4601,-190.0
4602,-200.0
4603,-200.0
4604,-200.0
4605,-200.0
4606,-200.0
4607,-141.0
4608,-200.0
4609,-112.0
4610,-153.0
4611,-200.0
4612,-200.0
4613,-200.0
4614,-199.0
4615,-200.0
4616,-200.0
4617,-153.0
4618,-176.0
4619,-200.0
4620,-197.0
4621,-171.0
4622,-176.0
4623,-166.0
4624,-163.0
4625,-200.0
4626,-175.0
4627,-122.0
4628,-154.0
4629,-160.0
4630,-177.0
4631,-200.0
4632,-200.0
4633,-131.0
4634,-166.0
4635,-200.0
4636,-200.0
4637,-200.0
4638,-169.0
4639,-170.0
4640,-200.0
4641,-169.0
4642,-200.0
4643,-170.0
4644,-200.0
4645,-128.0
4646,-163.0
4647,-182.0
4648,-160.0
4649,-162.0
4650,-200.0
4651,-171.0
4652,-160.0
4653,-195.0
4654,-124.0
4655,-165.0
4656,-200.0
4657,-166.0
4658,-159.0
4659,-143.0
4660,-200.0
4661,-168.0
4662,-174.0
4663,-133.0
4664,-168.0
4665,-183.0
4666,-171.0
4667,-166.0
4668,-164.0
4669,-192.0
4670,-163.0
4671,-139.0
4672,-200.0
4673,-136.0
4674,-193.0
4675,-200.0
4676,-200.0
4677,-172.0
4678,-200.0
4679,-167.0
4680,-195.0
4681,-165.0
4682,-200.0
4683,-200.0
4684,-200.0
4685,-167.0
4686,-167.0
4687,-173.0
4688,-200.0
4689,-200.0
4690,-159.0
4691,-200.0
4692,-200.0
4693,-193.0
4694,-153.0
4695,-159.0
4696,-200.0
4697,-169.0
4698,-172.0
4699,-163.0
4700,-195.0
4701,-192.0
4702,-183.0
4703,-168.0
4704,-169.0
4705,-159.0
4706,-190.0
4707,-174.0
4708,-165.0
4709,-192.0
4710,-158.0
4711,-167.0
4712,-187.0
4713,-172.0
4714,-162.0
4715,-180.0
4716,-163.0
4717,-188.0
4718,-165.0
4719,-188.0
4720,-159.0
4721,-180.0
4722,-167.0
4723,-160.0
4724,-160.0
4725,-159.0
4726,-174.0
4727,-159.0
4728,-200.0
4729,-156.0
4730,-176.0
4731,-198.0
4732,-199.0
4733,-159.0
4734,-180.0
4735,-158.0
4736,-185.0
4737,-171.0
4738,-183.0
4739,-162.0
4740,-182.0
4741,-168.0
4742,-170.0
4743,-160.0
4744,-175.0
4745,-160.0
4746,-176.0
4747,-178.0
4748,-168.0
4749,-156.0
4750,-162.0
4751,-166.0
4752,-160.0
4753,-161.0
4754,-160.0
4755,-159.0
4756,-161.0
4757,-159.0
4758,-198.0
4759,-162.0
4760,-199.0
4761,-159.0
4762,-163.0
4763,-157.0
4764,-156.0
4765,-157.0
4766,-164.0
4767,-154.0
4768,-200.0
4769,-159.0
4770,-200.0
4771,-159.0
4772,-167.0
4773,-200.0
4774,-175.0
4775,-196.0
4776,-194.0
4777,-183.0
4778,-178.0
4779,-200.0
4780,-197.0
4781,-196.0
4782,-171.0
4783,-190.0
4784,-200.0
4785,-187.0
4786,-160.0
4787,-155.0
4788,-156.0
4789,-194.0
4790,-152.0
4791,-155.0
4792,-200.0
4793,-188.0
4794,-152.0
4795,-163.0
4796,-159.0
4797,-157.0
4798,-177.0
4799,-183.0
4800,-156.0
4801,-157.0
4802,-155.0
4803,-166.0
4804,-200.0
4805,-183.0
4806,-173.0
4807,-154.0
4808,-158.0
4809,-159.0
4810,-200.0
4811,-163.0
4812,-183.0
4813,-150.0
4814,-159.0
4815,-187.0
4816,-200.0
4817,-163.0
4818,-181.0
4819,-196.0
4820,-179.0
4821,-155.0
4822,-187.0
4823,-200.0
4824,-187.0
4825,-153.0
4826,-150.0
4827,-200.0
4828,-187.0
4829,-180.0
4830,-150.0
4831,-188.0
4832,-164.0
4833,-154.0
4834,-188.0
4835,-156.0
4836,-156.0
4837,-197.0
4838,-160.0
4839,-160.0
4840,-194.0
4841,-150.0
4842,-154.0
4843,-152.0
4844,-166.0
4845,-184.0
4846,-180.0
4847,-162.0
4848,-154.0
4849,-163.0
4850,-181.0
4851,-153.0
4852,-186.0
4853,-192.0
4854,-158.0
4855,-164.0
4856,-189.0
4857,-152.0
4858,-185.0
4859,-180.0
4860,-158.0
4861,-156.0
4862,-158.0
4863,-184.0
4864,-157.0
4865,-185.0
4866,-182.0
4867,-159.0
4868,-182.0
4869,-189.0
4870,-190.0
4871,-197.0
4872,-151.0
4873,-170.0
4874,-149.0
4875,-159.0
4876,-197.0
4877,-154.0
4878,-200.0
4879,-154.0
4880,-200.0
4881,-155.0
4882,-194.0
4883,-174.0
4884,-191.0
4885,-152.0
4886,-154.0
4887,-162.0
4888,-185.0
4889,-156.0
4890,-194.0
4891,-157.0
4892,-148.0
4893,-158.0
4894,-159.0
4895,-193.0
4896,-190.0
4897,-162.0
4898,-170.0
4899,-161.0
4900,-190.0
4901,-157.0
4902,-195.0
4903,-153.0
4904,-200.0
4905,-200.0
4906,-161.0
4907,-153.0
4908,-158.0
4909,-200.0
4910,-187.0
4911,-160.0
4912,-131.0
4913,-150.0
4914,-198.0
4915,-183.0
4916,-195.0
4917,-149.0
4918,-186.0
4919,-200.0
4920,-168.0
4921,-200.0
4922,-200.0
4923,-150.0
4924,-160.0
4925,-156.0
4926,-189.0
4927,-172.0
4928,-157.0
4929,-154.0
4930,-171.0
4931,-188.0
4932,-153.0
4933,-158.0
4934,-185.0
4935,-183.0
4936,-158.0
4937,-187.0
4938,-158.0
4939,-192.0
4940,-178.0
4941,-164.0
4942,-163.0
4943,-197.0
4944,-168.0
4945,-164.0
4946,-163.0
4947,-194.0
4948,-162.0
4949,-188.0
4950,-192.0
4951,-190.0
4952,-157.0
4953,-164.0
4954,-164.0
4955,-167.0
4956,-186.0
4957,-164.0
4958,-193.0
4959,-156.0
4960,-194.0
4961,-157.0
4962,-164.0
4963,-162.0
4964,-194.0
4965,-169.0
4966,-197.0
4967,-157.0
4968,-194.0
4969,-177.0
4970,-200.0
4971,-167.0
4972,-168.0
4973,-148.0
4974,-164.0
4975,-170.0
4976,-150.0
4977,-160.0
4978,-200.0
4979,-200.0
4980,-170.0
4981,-162.0
4982,-163.0
4983,-200.0
4984,-196.0
4985,-195.0
4986,-164.0
4987,-161.0
4988,-193.0
4989,-197.0
4990,-162.0
4991,-116.0
4992,-172.0
4993,-146.0
4994,-198.0
4995,-164.0
4996,-196.0
4997,-158.0
4998,-198.0
4999,-155.0
5000,-200.0
5001,-186.0
5002,-200.0
5003,-157.0
5004,-191.0
5005,-160.0
5006,-200.0
5007,-167.0
5008,-180.0
5009,-200.0
5010,-200.0
5011,-200.0
5012,-168.0
5013,-187.0
5014,-160.0
5015,-170.0
5016,-196.0
5017,-160.0
5018,-161.0
5019,-200.0
5020,-192.0
5021,-159.0
5022,-158.0
5023,-161.0
5024,-192.0
5025,-185.0
5026,-159.0
5027,-165.0
5028,-186.0
5029,-171.0
5030,-162.0
5031,-161.0
5032,-157.0
5033,-176.0
5034,-191.0
5035,-185.0
5036,-189.0
5037,-189.0
5038,-191.0
5039,-163.0
5040,-164.0
5041,-175.0
5042,-166.0
5043,-164.0
5044,-157.0
5045,-164.0
5046,-155.0
5047,-157.0
5048,-148.0
5049,-188.0
5050,-175.0
5051,-167.0
5052,-183.0
5053,-168.0
5054,-155.0
5055,-162.0
5056,-156.0
5057,-154.0
5058,-147.0
5059,-159.0
5060,-147.0
5061,-152.0
5062,-151.0
5063,-183.0
5064,-153.0
5065,-181.0
5066,-151.0
5067,-152.0
5068,-153.0
5069,-150.0
5070,-153.0
5071,-200.0
5072,-157.0
5073,-200.0
5074,-200.0
5075,-153.0
5076,-200.0
5077,-200.0
5078,-159.0
5079,-162.0
5080,-200.0
5081,-200.0
5082,-200.0
5083,-200.0
5084,-178.0
5085,-200.0
5086,-158.0
5087,-200.0
5088,-198.0
5089,-181.0
5090,-151.0
5091,-175.0
5092,-200.0
5093,-163.0
5094,-158.0
5095,-168.0
5096,-200.0
5097,-184.0
5098,-200.0
5099,-166.0
5100,-200.0
5101,-200.0
5102,-200.0
5103,-200.0
5104,-200.0
5105,-200.0
5106,-200.0
5107,-200.0
5108,-187.0
5109,-200.0
5110,-200.0
5111,-200.0
5112,-200.0
5113,-200.0
5114,-200.0
5115,-200.0
5116,-200.0
5117,-200.0
5118,-200.0
5119,-200.0
5120,-165.0
5121,-200.0
5122,-200.0
5123,-200.0
5124,-200.0
5125,-176.0
5126,-200.0
5127,-200.0
5128,-200.0
5129,-160.0
5130,-200.0
5131,-179.0
5132,-200.0
5133,-187.0
5134,-160.0
5135,-200.0
5136,-165.0
5137,-164.0
5138,-170.0
5139,-171.0
5140,-172.0
5141,-186.0
5142,-169.0
5143,-158.0
5144,-172.0
5145,-161.0
5146,-163.0
5147,-179.0
5148,-162.0
5149,-176.0
5150,-182.0
5151,-180.0
5152,-195.0
5153,-179.0
5154,-186.0
5155,-162.0
5156,-171.0
5157,-184.0
5158,-160.0
5159,-160.0
5160,-174.0
5161,-174.0
5162,-161.0
5163,-179.0
5164,-183.0
5165,-152.0
5166,-170.0
5167,-118.0
5168,-152.0
5169,-200.0
5170,-158.0
5171,-178.0
5172,-157.0
5173,-164.0
5174,-122.0
5175,-177.0
5176,-167.0
5177,-123.0
5178,-129.0
5179,-200.0
5180,-184.0
5181,-180.0
5182,-172.0
5183,-170.0
5184,-163.0
5185,-200.0
5186,-167.0
5187,-200.0
5188,-199.0
5189,-200.0
5190,-190.0
5191,-183.0
5192,-184.0
5193,-200.0
5194,-182.0
5195,-163.0
5196,-192.0
5197,-177.0
5198,-200.0
5199,-163.0
5200,-125.0
5201,-200.0
5202,-174.0
5203,-168.0
5204,-166.0
5205,-200.0
5206,-200.0
5207,-200.0
5208,-200.0
5209,-200.0
5210,-187.0
5211,-200.0
5212,-200.0
5213,-200.0
5214,-167.0
5215,-182.0
5216,-168.0
5217,-163.0
5218,-200.0
5219,-200.0
5220,-172.0
5221,-200.0
5222,-162.0
5223,-166.0
5224,-200.0
5225,-164.0
5226,-190.0
5227,-169.0
5228,-200.0
5229,-127.0
5230,-200.0
5231,-200.0
5232,-187.0
5233,-157.0
5234,-200.0
5235,-191.0
5236,-200.0
5237,-186.0
5238,-158.0
5239,-166.0
5240,-189.0
5241,-194.0
5242,-185.0
5243,-165.0
5244,-185.0
5245,-165.0
5246,-175.0
5247,-200.0
5248,-158.0
5249,-153.0
5250,-160.0
5251,-169.0
5252,-159.0
5253,-160.0
5254,-153.0
5255,-160.0
5256,-167.0
5257,-163.0
5258,-160.0
5259,-123.0
5260,-165.0
5261,-200.0
5262,-170.0
5263,-200.0
5264,-161.0
5265,-200.0
5266,-200.0
5267,-200.0
5268,-200.0
5269,-162.0
5270,-171.0
5271,-158.0
5272,-200.0
5273,-200.0
5274,-200.0
5275,-170.0
5276,-172.0
5277,-155.0
5278,-200.0
5279,-200.0
5280,-200.0
5281,-200.0
5282,-200.0
5283,-200.0
5284,-200.0
5285,-200.0
5286,-200.0
5287,-200.0
5288,-200.0
5289,-200.0
5290,-200.0
5291,-200.0
5292,-196.0
5293,-200.0
5294,-182.0
5295,-200.0
5296,-194.0
5297,-200.0
5298,-200.0
5299,-200.0
5300,-200.0
5301,-197.0
5302,-166.0
5303,-169.0
5304,-193.0
5305,-166.0
5306,-188.0
5307,-157.0
5308,-157.0
5309,-178.0
5310,-156.0
5311,-200.0
5312,-163.0
5313,-194.0
5314,-167.0
5315,-170.0
5316,-181.0
5317,-176.0
5318,-196.0
5319,-168.0
5320,-200.0
5321,-197.0
5322,-169.0
5323,-169.0
5324,-200.0
5325,-174.0
5326,-200.0
5327,-171.0
5328,-192.0
5329,-200.0
5330,-165.0
5331,-191.0
5332,-190.0
5333,-200.0
5334,-165.0
5335,-196.0
5336,-161.0
5337,-191.0
5338,-189.0
5339,-199.0
5340,-167.0
5341,-200.0
5342,-200.0
5343,-194.0
5344,-200.0
5345,-168.0
5346,-181.0
5347,-157.0
5348,-155.0
5349,-154.0
5350,-197.0
5351,-200.0
5352,-169.0
5353,-200.0
5354,-200.0
5355,-155.0
5356,-165.0
5357,-172.0
5358,-162.0
5359,-166.0
5360,-163.0
5361,-199.0
5362,-200.0
5363,-200.0
5364,-176.0
5365,-200.0
5366,-169.0
5367,-200.0
5368,-200.0
5369,-200.0
5370,-170.0
5371,-167.0
5372,-193.0
5373,-166.0
5374,-173.0
5375,-200.0
5376,-166.0
5377,-200.0
5378,-162.0
5379,-195.0
5380,-164.0
5381,-195.0
5382,-200.0
5383,-168.0
5384,-160.0
5385,-160.0
5386,-198.0
5387,-200.0
5388,-200.0
5389,-163.0
5390,-154.0
5391,-177.0
5392,-200.0
5393,-200.0
5394,-200.0
5395,-200.0
5396,-154.0
5397,-154.0
5398,-200.0
5399,-193.0
5400,-165.0
5401,-200.0
5402,-190.0
5403,-200.0
5404,-199.0
5405,-152.0
5406,-199.0
5407,-147.0
5408,-152.0
5409,-156.0
5410,-193.0
5411,-151.0
5412,-156.0
5413,-200.0
5414,-161.0
5415,-188.0
5416,-153.0
5417,-148.0
5418,-197.0
5419,-200.0
5420,-151.0
5421,-160.0
5422,-155.0
5423,-193.0
5424,-188.0
5425,-155.0
5426,-193.0
5427,-151.0
5428,-157.0
5429,-198.0
5430,-197.0
5431,-170.0
5432,-190.0
5433,-156.0
5434,-198.0
5435,-188.0
5436,-155.0
5437,-193.0
5438,-189.0
5439,-148.0
5440,-168.0
5441,-171.0
5442,-155.0
5443,-188.0
5444,-180.0
5445,-177.0
5446,-187.0
5447,-182.0
5448,-177.0
5449,-192.0
5450,-160.0
5451,-171.0
5452,-174.0
5453,-189.0
5454,-178.0
5455,-152.0
5456,-152.0
5457,-179.0
5458,-164.0
5459,-200.0
5460,-161.0
5461,-171.0
5462,-155.0
5463,-167.0
5464,-155.0
5465,-151.0
5466,-152.0
5467,-164.0
5468,-149.0
5469,-154.0
5470,-160.0
5471,-155.0
5472,-149.0
5473,-157.0
5474,-168.0
5475,-168.0
5476,-155.0
5477,-157.0
5478,-160.0
5479,-153.0
5480,-160.0
5481,-167.0
5482,-161.0
5483,-185.0
5484,-157.0
5485,-182.0
5486,-157.0
5487,-176.0
5488,-168.0
5489,-158.0
5490,-164.0
5491,-163.0
5492,-190.0
5493,-163.0
5494,-200.0
5495,-200.0
5496,-188.0
5497,-159.0
5498,-189.0
5499,-171.0
5500,-190.0
5501,-161.0
5502,-161.0
5503,-179.0
5504,-161.0
5505,-160.0
5506,-185.0
5507,-186.0
5508,-162.0
5509,-163.0
5510,-165.0
5511,-163.0
5512,-172.0
5513,-196.0
5514,-166.0
5515,-184.0
5516,-167.0
5517,-179.0
5518,-191.0
5519,-187.0
5520,-180.0
5521,-161.0
5522,-160.0
5523,-163.0
5524,-194.0
5525,-195.0
5526,-161.0
5527,-155.0
5528,-168.0
5529,-160.0
5530,-167.0
5531,-200.0
5532,-198.0
5533,-155.0
5534,-161.0
5535,-159.0
5536,-159.0
5537,-158.0
5538,-159.0
5539,-160.0
5540,-199.0
5541,-156.0
5542,-169.0
5543,-159.0
5544,-200.0
5545,-160.0
5546,-155.0
5547,-193.0
5548,-157.0
5549,-200.0
5550,-162.0
5551,-198.0
5552,-171.0
5553,-200.0
5554,-168.0
5555,-161.0
5556,-159.0
5557,-192.0
5558,-191.0
5559,-195.0
5560,-175.0
5561,-193.0
5562,-158.0
5563,-154.0
5564,-196.0
5565,-158.0
5566,-152.0
5567,-188.0
5568,-188.0
5569,-157.0
5570,-190.0
5571,-172.0
5572,-200.0
5573,-154.0
5574,-169.0
5575,-200.0
5576,-200.0
5577,-179.0
5578,-188.0
5579,-178.0
5580,-144.0
5581,-200.0
5582,-148.0
5583,-158.0
5584,-200.0
5585,-157.0
5586,-162.0
5587,-200.0
5588,-151.0
5589,-151.0
5590,-200.0
5591,-158.0
5592,-157.0
5593,-149.0
5594,-198.0
5595,-200.0
5596,-200.0
5597,-147.0
5598,-200.0
5599,-176.0
5600,-164.0
5601,-164.0
5602,-165.0
5603,-164.0
5604,-200.0
5605,-147.0
5606,-200.0
5607,-163.0
5608,-145.0
5609,-150.0
5610,-200.0
5611,-200.0
5612,-174.0
5613,-200.0
5614,-200.0
5615,-200.0
5616,-200.0
5617,-200.0
5618,-192.0
5619,-200.0
5620,-200.0
5621,-200.0
5622,-184.0
5623,-188.0
5624,-200.0
5625,-190.0
5626,-200.0
5627,-192.0
5628,-188.0
5629,-168.0
5630,-185.0
5631,-174.0
5632,-162.0
5633,-161.0
5634,-190.0
5635,-199.0
5636,-200.0
5637,-180.0
5638,-193.0
5639,-189.0
5640,-156.0
5641,-159.0
5642,-189.0
5643,-194.0
5644,-181.0
5645,-200.0
5646,-157.0
5647,-200.0
5648,-157.0
5649,-188.0
5650,-194.0
5651,-161.0
5652,-198.0
5653,-186.0
5654,-155.0
5655,-159.0
5656,-187.0
5657,-187.0
5658,-200.0
5659,-164.0
5660,-165.0
5661,-186.0
5662,-200.0
5663,-200.0
5664,-182.0
5665,-190.0
5666,-186.0
5667,-149.0
5668,-168.0
5669,-175.0
5670,-158.0
5671,-178.0
5672,-177.0
5673,-200.0
5674,-199.0
5675,-200.0
5676,-183.0
5677,-182.0
5678,-200.0
5679,-148.0
5680,-160.0
5681,-159.0
5682,-200.0
5683,-192.0
5684,-200.0
5685,-190.0
5686,-193.0
5687,-182.0
5688,-200.0
5689,-196.0
5690,-200.0
5691,-197.0
5692,-195.0
5693,-187.0
5694,-178.0
5695,-200.0
5696,-200.0
5697,-149.0
5698,-200.0
5699,-200.0
5700,-200.0
5701,-159.0
5702,-156.0
5703,-200.0
5704,-150.0
5705,-154.0
5706,-168.0
5707,-200.0
5708,-200.0
5709,-200.0
5710,-154.0
5711,-200.0
5712,-187.0
5713,-166.0
5714,-200.0
5715,-200.0
5716,-192.0
5717,-197.0
5718,-200.0
5719,-200.0
5720,-200.0
5721,-200.0
5722,-193.0
5723,-181.0
5724,-200.0
5725,-186.0
5726,-200.0
5727,-194.0
5728,-193.0
5729,-200.0
5730,-193.0
5731,-200.0
5732,-193.0
5733,-200.0
5734,-200.0
5735,-184.0
5736,-155.0
5737,-200.0
5738,-200.0
5739,-193.0
5740,-196.0
5741,-194.0
5742,-200.0
5743,-200.0
5744,-158.0
5745,-200.0
5746,-200.0
5747,-200.0
5748,-163.0
5749,-190.0
5750,-200.0
5751,-189.0
5752,-200.0
5753,-189.0
5754,-200.0
5755,-200.0
5756,-200.0
5757,-194.0
5758,-200.0
5759,-193.0
5760,-153.0
5761,-191.0
5762,-184.0
5763,-162.0
5764,-187.0
5765,-154.0
5766,-192.0
5767,-200.0
5768,-189.0
5769,-121.0
5770,-123.0
5771,-156.0
5772,-151.0
5773,-196.0
5774,-200.0
5775,-153.0
5776,-162.0
5777,-190.0
5778,-195.0
5779,-193.0
5780,-150.0
5781,-159.0
5782,-200.0
5783,-151.0
5784,-143.0
5785,-197.0
5786,-165.0
5787,-144.0
5788,-149.0
5789,-158.0
5790,-140.0
5791,-151.0
5792,-129.0
5793,-156.0
5794,-147.0
5795,-190.0
5796,-200.0
5797,-134.0
5798,-163.0
5799,-200.0
5800,-199.0
5801,-200.0
5802,-151.0
5803,-200.0
5804,-121.0
5805,-200.0
5806,-165.0
5807,-200.0
5808,-200.0
5809,-200.0
5810,-200.0
5811,-200.0
5812,-191.0
5813,-200.0
5814,-200.0
5815,-200.0
5816,-192.0
5817,-200.0
5818,-190.0
5819,-200.0
5820,-154.0
5821,-191.0
5822,-185.0
5823,-200.0
5824,-194.0
5825,-157.0
5826,-197.0
5827,-200.0
5828,-200.0
5829,-147.0
5830,-153.0
5831,-200.0
5832,-200.0
5833,-200.0
5834,-194.0
5835,-198.0
5836,-200.0
5837,-157.0
5838,-200.0
5839,-148.0
5840,-123.0
5841,-200.0
5842,-200.0
5843,-200.0
5844,-200.0
5845,-136.0
5846,-130.0
5847,-199.0
5848,-200.0
5849,-135.0
5850,-195.0
5851,-200.0
5852,-173.0
5853,-200.0
5854,-179.0
5855,-200.0
5856,-200.0
5857,-200.0
5858,-200.0
5859,-200.0
5860,-200.0
5861,-200.0
5862,-176.0
5863,-200.0
5864,-200.0
5865,-200.0
5866,-200.0
5867,-191.0
5868,-200.0
5869,-200.0
5870,-200.0
5871,-200.0
5872,-200.0
5873,-200.0
5874,-200.0
5875,-200.0
5876,-200.0
5877,-200.0
5878,-200.0
5879,-200.0
5880,-200.0
5881,-200.0
5882,-200.0
5883,-196.0
5884,-200.0
5885,-200.0
5886,-200.0
5887,-200.0
5888,-200.0
5889,-200.0
5890,-200.0
5891,-200.0
5892,-200.0
5893,-200.0
5894,-200.0
5895,-200.0
5896,-198.0
5897,-200.0
5898,-199.0
5899,-200.0
5900,-198.0
5901,-194.0
5902,-199.0
5903,-200.0
5904,-200.0
5905,-187.0
5906,-200.0
5907,-191.0
5908,-194.0
5909,-200.0
5910,-200.0
5911,-196.0
5912,-191.0
5913,-195.0
5914,-200.0
5915,-200.0
5916,-200.0
5917,-200.0
5918,-191.0
5919,-161.0
5920,-196.0
5921,-200.0
5922,-200.0
5923,-195.0
5924,-194.0
5925,-200.0
5926,-196.0
5927,-200.0
5928,-188.0
5929,-200.0
5930,-196.0
5931,-200.0
5932,-193.0
5933,-200.0
5934,-200.0
5935,-200.0
5936,-200.0
5937,-190.0
5938,-200.0
5939,-191.0
5940,-194.0
5941,-200.0
5942,-200.0
5943,-194.0
5944,-191.0
5945,-195.0
5946,-192.0
5947,-200.0
5948,-200.0
5949,-200.0
5950,-200.0
5951,-200.0
5952,-196.0
5953,-170.0
5954,-167.0
5955,-191.0
5956,-194.0
5957,-200.0
5958,-200.0
5959,-200.0
5960,-196.0
5961,-190.0
5962,-197.0
5963,-164.0
5964,-167.0
5965,-153.0
5966,-158.0
5967,-194.0
5968,-159.0
5969,-152.0
5970,-159.0
5971,-193.0
5972,-159.0
5973,-155.0
5974,-154.0
5975,-125.0
5976,-128.0
5977,-155.0
5978,-166.0
5979,-155.0
5980,-155.0
5981,-157.0
5982,-164.0
5983,-159.0
5984,-160.0
5985,-157.0
5986,-200.0
5987,-157.0
5988,-158.0
5989,-125.0
5990,-163.0
5991,-155.0
5992,-125.0
5993,-200.0
5994,-200.0
5995,-156.0
5996,-152.0
5997,-200.0
5998,-148.0
5999,-123.0
6000,-161.0
6001,-167.0
6002,-157.0
6003,-131.0
6004,-125.0
6005,-123.0
6006,-153.0
6007,-151.0
6008,-185.0
6009,-158.0
6010,-154.0
6011,-156.0
6012,-133.0
6013,-154.0
6014,-157.0
6015,-131.0
6016,-156.0
6017,-154.0
6018,-200.0
6019,-122.0
6020,-127.0
6021,-123.0
6022,-147.0
6023,-147.0
6024,-154.0
6025,-130.0
6026,-200.0
6027,-150.0
6028,-122.0
6029,-157.0
6030,-151.0
6031,-159.0
6032,-162.0
6033,-130.0
6034,-148.0
6035,-131.0
6036,-151.0
6037,-124.0
6038,-195.0
6039,-153.0
6040,-153.0
6041,-126.0
6042,-170.0
6043,-154.0
6044,-156.0
6045,-146.0
6046,-148.0
6047,-125.0
6048,-150.0
6049,-150.0
6050,-161.0
6051,-200.0
6052,-162.0
6053,-146.0
6054,-128.0
6055,-150.0
6056,-157.0
6057,-151.0
6058,-153.0
6059,-130.0
6060,-150.0
6061,-158.0
6062,-179.0
6063,-152.0
6064,-193.0
6065,-193.0
6066,-150.0
6067,-147.0
6068,-122.0
6069,-148.0
6070,-162.0
6071,-144.0
6072,-134.0
6073,-126.0
6074,-160.0
6075,-200.0
6076,-155.0
6077,-199.0
6078,-173.0
6079,-150.0
6080,-170.0
6081,-125.0
6082,-151.0
6083,-200.0
6084,-192.0
6085,-125.0
6086,-145.0
6087,-144.0
6088,-162.0
6089,-151.0
6090,-151.0
6091,-200.0
6092,-154.0
6093,-155.0
6094,-151.0
6095,-200.0
6096,-152.0
6097,-147.0
6098,-161.0
6099,-120.0
6100,-127.0
6101,-149.0
6102,-189.0
6103,-122.0
6104,-197.0
6105,-152.0
6106,-200.0
6107,-156.0
6108,-189.0
6109,-153.0
6110,-146.0
6111,-130.0
6112,-147.0
6113,-148.0
6114,-147.0
6115,-147.0
6116,-154.0
6117,-146.0
6118,-133.0
6119,-120.0
6120,-129.0
6121,-185.0
6122,-134.0
6123,-147.0
6124,-122.0
6125,-149.0
6126,-162.0
6127,-158.0
6128,-161.0
6129,-115.0
6130,-159.0
6131,-120.0
6132,-189.0
6133,-152.0
6134,-157.0
6135,-161.0
6136,-187.0
6137,-153.0
6138,-122.0
6139,-122.0
6140,-116.0
6141,-177.0
6142,-133.0
6143,-154.0
6144,-157.0
6145,-196.0
6146,-154.0
6147,-125.0
6148,-164.0
6149,-115.0
6150,-151.0
6151,-121.0
6152,-162.0
6153,-168.0
6154,-167.0
6155,-156.0
6156,-186.0
6157,-118.0
6158,-154.0
6159,-186.0
6160,-166.0
6161,-115.0
6162,-181.0
6163,-166.0
6164,-169.0
6165,-163.0
6166,-161.0
6167,-197.0
6168,-159.0
6169,-169.0
6170,-155.0
6171,-157.0
6172,-114.0
6173,-163.0
6174,-115.0
6175,-160.0
6176,-175.0
6177,-163.0
6178,-182.0
6179,-170.0
6180,-120.0
6181,-121.0
6182,-169.0
6183,-120.0
6184,-166.0
6185,-153.0
6186,-118.0
6187,-180.0
6188,-118.0
6189,-153.0
6190,-156.0
6191,-150.0
6192,-183.0
6193,-161.0
6194,-182.0
6195,-160.0
6196,-158.0
6197,-155.0
6198,-151.0
6199,-159.0
6200,-153.0
6201,-155.0
6202,-165.0
6203,-154.0
6204,-171.0
6205,-156.0
6206,-150.0
6207,-156.0
6208,-200.0
6209,-178.0
6210,-177.0
6211,-200.0
6212,-149.0
6213,-200.0
6214,-185.0
6215,-189.0
6216,-200.0
6217,-179.0
6218,-190.0
6219,-189.0
6220,-163.0
6221,-200.0
6222,-200.0
6223,-166.0
6224,-200.0
6225,-200.0
6226,-181.0
6227,-200.0
6228,-160.0
6229,-153.0
6230,-185.0
6231,-187.0
6232,-197.0
6233,-193.0
6234,-161.0
6235,-148.0
6236,-188.0
6237,-148.0
6238,-200.0
6239,-160.0
6240,-168.0
6241,-164.0
6242,-151.0
6243,-147.0
6244,-157.0
6245,-181.0
6246,-148.0
6247,-195.0
6248,-155.0
6249,-168.0
6250,-173.0
6251,-157.0
6252,-171.0
6253,-185.0
6254,-174.0
6255,-174.0
6256,-179.0
6257,-152.0
6258,-191.0
6259,-173.0
6260,-162.0
6261,-153.0
6262,-157.0
6263,-156.0
6264,-172.0
6265,-162.0
6266,-162.0
6267,-152.0
6268,-157.0
6269,-156.0
6270,-160.0
6271,-189.0
6272,-172.0
6273,-177.0
6274,-154.0
6275,-152.0
6276,-159.0
6277,-179.0
6278,-149.0
6279,-176.0
6280,-185.0
6281,-107.0
6282,-178.0
6283,-159.0
6284,-171.0
6285,-154.0
6286,-162.0
6287,-180.0
6288,-155.0
6289,-145.0
6290,-185.0
6291,-175.0
6292,-177.0
6293,-187.0
6294,-194.0
6295,-190.0
6296,-162.0
6297,-156.0
6298,-178.0
6299,-148.0
6300,-182.0
6301,-158.0
6302,-176.0
6303,-163.0
6304,-153.0
6305,-175.0
6306,-182.0
6307,-173.0
6308,-157.0
6309,-173.0
6310,-151.0
6311,-177.0
6312,-175.0
6313,-166.0
6314,-154.0
6315,-160.0
6316,-154.0
6317,-155.0
6318,-146.0
6319,-172.0
6320,-180.0
6321,-157.0
6322,-156.0
6323,-178.0
6324,-176.0
6325,-155.0
6326,-179.0
6327,-150.0
6328,-178.0
6329,-177.0
6330,-164.0
6331,-147.0
6332,-169.0
6333,-151.0
6334,-160.0
6335,-200.0
6336,-151.0
6337,-152.0
6338,-200.0
6339,-168.0
6340,-154.0
6341,-200.0
6342,-154.0
6343,-163.0
6344,-160.0
6345,-144.0
6346,-151.0
6347,-150.0
6348,-180.0
6349,-153.0
6350,-192.0
6351,-179.0
6352,-152.0
6353,-153.0
6354,-141.0
6355,-149.0
6356,-158.0
6357,-164.0
6358,-144.0
6359,-157.0
6360,-141.0
6361,-139.0
6362,-146.0
6363,-144.0
6364,-144.0
6365,-151.0
6366,-186.0
6367,-143.0
6368,-200.0
6369,-139.0
6370,-147.0
6371,-182.0
6372,-151.0
6373,-143.0
6374,-145.0
6375,-143.0
6376,-145.0
6377,-139.0
6378,-141.0
6379,-160.0
6380,-142.0
6381,-150.0
6382,-147.0
6383,-171.0
6384,-161.0
6385,-200.0
6386,-185.0
6387,-159.0
6388,-200.0
6389,-142.0
6390,-200.0
6391,-152.0
6392,-197.0
6393,-198.0
6394,-155.0
6395,-149.0
6396,-145.0
6397,-158.0
6398,-160.0
6399,-153.0
6400,-200.0
6401,-172.0
6402,-177.0
6403,-200.0
6404,-200.0
6405,-150.0
6406,-164.0
6407,-200.0
6408,-200.0
6409,-166.0
6410,-161.0
6411,-148.0
6412,-155.0
6413,-157.0
6414,-149.0
6415,-167.0
6416,-162.0
6417,-159.0
6418,-160.0
6419,-133.0
6420,-200.0
6421,-200.0
6422,-161.0
6423,-169.0
6424,-200.0
6425,-170.0
6426,-152.0
6427,-160.0
6428,-200.0
6429,-161.0
6430,-154.0
6431,-149.0
6432,-165.0
6433,-154.0
6434,-129.0
6435,-200.0
6436,-200.0
6437,-200.0
6438,-160.0
6439,-172.0
6440,-127.0
6441,-156.0
6442,-200.0
6443,-168.0
6444,-154.0
6445,-161.0
6446,-160.0
6447,-158.0
6448,-165.0
6449,-200.0
6450,-170.0
6451,-171.0
6452,-200.0
6453,-200.0
6454,-200.0
6455,-183.0
6456,-200.0
6457,-188.0
6458,-200.0
6459,-200.0
6460,-152.0
6461,-200.0
6462,-200.0
6463,-194.0
6464,-159.0
6465,-195.0
6466,-126.0
6467,-187.0
6468,-183.0
6469,-179.0
6470,-190.0
6471,-200.0
6472,-198.0
6473,-200.0
6474,-200.0
6475,-197.0
6476,-115.0
6477,-200.0
6478,-193.0
6479,-193.0
6480,-193.0
6481,-200.0
6482,-194.0
6483,-154.0
6484,-154.0
6485,-200.0
6486,-200.0
6487,-193.0
6488,-154.0
6489,-189.0
6490,-200.0
6491,-150.0
6492,-187.0
6493,-152.0
6494,-136.0
6495,-121.0
6496,-154.0
6497,-125.0
6498,-120.0
6499,-192.0
6500,-113.0
6501,-173.0
6502,-123.0
6503,-151.0
6504,-200.0
6505,-200.0
6506,-122.0
6507,-200.0
6508,-200.0
6509,-199.0
6510,-161.0
6511,-125.0
6512,-125.0
6513,-121.0
6514,-174.0
6515,-153.0
6516,-153.0
6517,-128.0
6518,-154.0
6519,-154.0
6520,-198.0
6521,-163.0
6522,-154.0
6523,-154.0
6524,-169.0
6525,-195.0
6526,-153.0
6527,-129.0
6528,-136.0
6529,-193.0
6530,-200.0
6531,-186.0
6532,-189.0
6533,-200.0
6534,-197.0
6535,-154.0
6536,-155.0
6537,-156.0
6538,-196.0
6539,-199.0
6540,-195.0
6541,-171.0
6542,-200.0
6543,-200.0
6544,-200.0
6545,-200.0
6546,-200.0
6547,-167.0
6548,-164.0
6549,-200.0
6550,-177.0
6551,-200.0
6552,-200.0
6553,-200.0
6554,-156.0
6555,-168.0
6556,-156.0
6557,-156.0
6558,-176.0
6559,-191.0
6560,-196.0
6561,-154.0
6562,-160.0
6563,-200.0
6564,-168.0
6565,-162.0
6566,-194.0
6567,-195.0
6568,-155.0
6569,-154.0
6570,-166.0
6571,-132.0
6572,-170.0
6573,-139.0
6574,-153.0
6575,-127.0
6576,-137.0
6577,-132.0
6578,-157.0
6579,-200.0
6580,-169.0
6581,-127.0
6582,-175.0
6583,-139.0
6584,-154.0
6585,-150.0
6586,-200.0
6587,-168.0
6588,-146.0
6589,-129.0
6590,-133.0
6591,-127.0
6592,-169.0
6593,-157.0
6594,-200.0
6595,-186.0
6596,-154.0
6597,-159.0
6598,-173.0
6599,-200.0
6600,-159.0
6601,-170.0
6602,-163.0
6603,-200.0
6604,-164.0
6605,-189.0
6606,-127.0
6607,-133.0
6608,-168.0
6609,-151.0
6610,-200.0
6611,-200.0
6612,-200.0
6613,-189.0
6614,-200.0
6615,-200.0
6616,-200.0
6617,-165.0
6618,-147.0
6619,-200.0
6620,-200.0
6621,-200.0
6622,-200.0
6623,-191.0
6624,-200.0
6625,-200.0
6626,-174.0
6627,-200.0
6628,-171.0
6629,-175.0
6630,-151.0
6631,-165.0
6632,-200.0
6633,-198.0
6634,-146.0
6635,-193.0
6636,-131.0
6637,-140.0
6638,-171.0
6639,-189.0
6640,-189.0
6641,-167.0
6642,-194.0
6643,-200.0
6644,-200.0
6645,-162.0
6646,-189.0
6647,-200.0
6648,-177.0
6649,-188.0
6650,-169.0
6651,-186.0
6652,-114.0
6653,-156.0
6654,-195.0
6655,-152.0
6656,-165.0
6657,-176.0
6658,-191.0
6659,-138.0
6660,-197.0
6661,-181.0
6662,-195.0
6663,-189.0
6664,-160.0
6665,-157.0
6666,-145.0
6667,-195.0
6668,-162.0
6669,-196.0
6670,-193.0
6671,-191.0
6672,-175.0
6673,-183.0
6674,-158.0
6675,-154.0
6676,-189.0
6677,-200.0
6678,-196.0
6679,-142.0
6680,-164.0
6681,-160.0
6682,-190.0
6683,-161.0
6684,-191.0
6685,-185.0
6686,-190.0
6687,-179.0
6688,-176.0
6689,-188.0
6690,-186.0
6691,-180.0
6692,-185.0
6693,-149.0
6694,-184.0
6695,-183.0
6696,-179.0
6697,-185.0
6698,-186.0
6699,-143.0
6700,-162.0
6701,-183.0
6702,-159.0
6703,-183.0
6704,-181.0
6705,-184.0
6706,-184.0
6707,-172.0
6708,-160.0
6709,-149.0
6710,-153.0
6711,-181.0
6712,-181.0
6713,-166.0
6714,-185.0
6715,-159.0
6716,-137.0
6717,-190.0
6718,-187.0
6719,-139.0
6720,-157.0
6721,-143.0
6722,-170.0
6723,-156.0
6724,-188.0
6725,-173.0
6726,-200.0
6727,-177.0
6728,-186.0
6729,-182.0
6730,-179.0
6731,-179.0
6732,-200.0
6733,-187.0
6734,-184.0
6735,-154.0
6736,-188.0
6737,-154.0
6738,-181.0
6739,-165.0
6740,-185.0
6741,-152.0
6742,-189.0
6743,-155.0
6744,-154.0
6745,-186.0
6746,-181.0
6747,-184.0
6748,-154.0
6749,-178.0
6750,-187.0
6751,-184.0
6752,-156.0
6753,-189.0
6754,-200.0
6755,-183.0
6756,-155.0
6757,-156.0
6758,-153.0
6759,-190.0
6760,-155.0
6761,-156.0
6762,-191.0
6763,-188.0
6764,-176.0
6765,-155.0
6766,-200.0
6767,-198.0
6768,-176.0
6769,-173.0
6770,-150.0
6771,-196.0
6772,-159.0
6773,-165.0
6774,-200.0
6775,-153.0
6776,-167.0
6777,-200.0
6778,-200.0
6779,-150.0
6780,-194.0
6781,-200.0
6782,-200.0
6783,-195.0
6784,-146.0
6785,-187.0
6786,-167.0
6787,-182.0
6788,-186.0
6789,-152.0
6790,-190.0
6791,-192.0
6792,-160.0
6793,-176.0
6794,-184.0
6795,-195.0
6796,-193.0
6797,-167.0
6798,-190.0
6799,-194.0
6800,-190.0
6801,-156.0
6802,-151.0
6803,-200.0
6804,-187.0
6805,-181.0
6806,-184.0
6807,-155.0
6808,-154.0
6809,-187.0
6810,-186.0
6811,-152.0
6812,-152.0
6813,-168.0
6814,-163.0
6815,-177.0
6816,-153.0
6817,-158.0
6818,-146.0
6819,-189.0
6820,-175.0
6821,-152.0
6822,-153.0
6823,-156.0
6824,-187.0
6825,-157.0
6826,-193.0
6827,-190.0
6828,-188.0
6829,-186.0
6830,-179.0
6831,-177.0
6832,-183.0
6833,-157.0
6834,-158.0
6835,-164.0
6836,-200.0
6837,-177.0
6838,-182.0
6839,-145.0
6840,-178.0
6841,-184.0
6842,-185.0
6843,-182.0
6844,-184.0
6845,-150.0
6846,-147.0
6847,-182.0
6848,-156.0
6849,-160.0
6850,-160.0
6851,-151.0
6852,-177.0
6853,-177.0
6854,-200.0
6855,-151.0
6856,-160.0
6857,-200.0
6858,-150.0
6859,-159.0
6860,-152.0
6861,-156.0
6862,-200.0
6863,-145.0
6864,-200.0
6865,-185.0
6866,-141.0
6867,-200.0
6868,-152.0
6869,-150.0
6870,-200.0
6871,-151.0
6872,-200.0
6873,-200.0
6874,-154.0
6875,-200.0
6876,-162.0
6877,-184.0
6878,-153.0
6879,-170.0
6880,-151.0
6881,-200.0
6882,-154.0
6883,-152.0
6884,-181.0
6885,-149.0
6886,-152.0
6887,-151.0
6888,-200.0
6889,-200.0
6890,-178.0
6891,-152.0
6892,-200.0
6893,-148.0
6894,-200.0
6895,-154.0
6896,-200.0
6897,-200.0
6898,-200.0
6899,-150.0
6900,-200.0
6901,-152.0
6902,-154.0
6903,-150.0
6904,-155.0
6905,-200.0
6906,-200.0
6907,-200.0
6908,-200.0
6909,-200.0
6910,-200.0
6911,-200.0
6912,-200.0
6913,-198.0
6914,-200.0
6915,-160.0
6916,-200.0
6917,-200.0
6918,-181.0
6919,-200.0
6920,-200.0
6921,-156.0
6922,-200.0
6923,-189.0
6924,-152.0
6925,-149.0
6926,-200.0
6927,-159.0
6928,-200.0
6929,-157.0
6930,-147.0
6931,-155.0
6932,-156.0
6933,-153.0
6934,-145.0
6935,-148.0
6936,-157.0
6937,-186.0
6938,-200.0
6939,-200.0
6940,-148.0
6941,-152.0
6942,-154.0
6943,-200.0
6944,-158.0
6945,-153.0
6946,-148.0
6947,-149.0
6948,-157.0
6949,-153.0
6950,-150.0
6951,-155.0
6952,-149.0
6953,-149.0
6954,-200.0
6955,-142.0
6956,-156.0
6957,-151.0
6958,-149.0
6959,-138.0
6960,-153.0
6961,-150.0
6962,-155.0
6963,-154.0
6964,-163.0
6965,-157.0
6966,-156.0
6967,-151.0
6968,-151.0
6969,-200.0
6970,-157.0
6971,-144.0
6972,-149.0
6973,-152.0
6974,-152.0
6975,-200.0
6976,-152.0
6977,-154.0
6978,-157.0
6979,-200.0
6980,-148.0
6981,-200.0
6982,-151.0
6983,-156.0
6984,-144.0
6985,-185.0
6986,-149.0
6987,-187.0
6988,-151.0
6989,-148.0
6990,-154.0
6991,-155.0
6992,-152.0
6993,-146.0
6994,-180.0
6995,-184.0
6996,-152.0
6997,-155.0
6998,-144.0
6999,-153.0
7000,-146.0
7001,-146.0
7002,-140.0
7003,-151.0
7004,-144.0
7005,-143.0
7006,-149.0
7007,-157.0
7008,-145.0
7009,-152.0
7010,-156.0
7011,-153.0
7012,-148.0
7013,-148.0
7014,-154.0
7015,-147.0
7016,-147.0
7017,-150.0
7018,-148.0
7019,-147.0
7020,-143.0
7021,-148.0
7022,-151.0
7023,-149.0
7024,-154.0
7025,-157.0
7026,-154.0
7027,-156.0
7028,-153.0
7029,-157.0
7030,-159.0
7031,-151.0
7032,-159.0
7033,-151.0
7034,-160.0
7035,-153.0
7036,-200.0
7037,-157.0
7038,-157.0
7039,-156.0
7040,-152.0
7041,-154.0
7042,-150.0
7043,-156.0
7044,-152.0
7045,-149.0
7046,-181.0
7047,-177.0
7048,-142.0
7049,-157.0
7050,-147.0
7051,-159.0
7052,-149.0
7053,-148.0
7054,-151.0
7055,-149.0
7056,-150.0
7057,-148.0
7058,-147.0
7059,-147.0
7060,-154.0
7061,-147.0
7062,-141.0
7063,-146.0
7064,-154.0
7065,-141.0
7066,-152.0
7067,-156.0
7068,-156.0
7069,-153.0
7070,-139.0
7071,-155.0
7072,-152.0
7073,-155.0
7074,-154.0
7075,-155.0
7076,-156.0
7077,-151.0
7078,-182.0
7079,-146.0
7080,-150.0
7081,-200.0
7082,-200.0
7083,-142.0
7084,-200.0
7085,-149.0
7086,-148.0
7087,-200.0
7088,-200.0
7089,-200.0
7090,-200.0
7091,-189.0
7092,-200.0
7093,-200.0
7094,-200.0
7095,-200.0
7096,-200.0
7097,-196.0
7098,-200.0
7099,-153.0
7100,-200.0
7101,-140.0
7102,-139.0
7103,-200.0
7104,-154.0
7105,-200.0
7106,-200.0
7107,-162.0
7108,-151.0
7109,-159.0
7110,-136.0
7111,-150.0
7112,-144.0
7113,-150.0
7114,-180.0
7115,-152.0
7116,-153.0
7117,-200.0
7118,-171.0
7119,-192.0
7120,-200.0
7121,-194.0
7122,-200.0
7123,-178.0
7124,-200.0
7125,-173.0
7126,-200.0
7127,-200.0
7128,-200.0
7129,-200.0
7130,-173.0
7131,-200.0
7132,-200.0
7133,-200.0
7134,-200.0
7135,-200.0
7136,-200.0
7137,-200.0
7138,-200.0
7139,-200.0
7140,-200.0
7141,-200.0
7142,-200.0
7143,-200.0
7144,-189.0
7145,-200.0
7146,-200.0
7147,-186.0
7148,-200.0
7149,-200.0
7150,-200.0
7151,-200.0
7152,-200.0
7153,-154.0
7154,-200.0
7155,-185.0
7156,-141.0
7157,-200.0
7158,-200.0
7159,-200.0
7160,-179.0
7161,-200.0
7162,-181.0
7163,-200.0
7164,-200.0
7165,-200.0
7166,-200.0
7167,-146.0
7168,-200.0
7169,-158.0
7170,-155.0
7171,-150.0
7172,-154.0
7173,-200.0
7174,-200.0
7175,-200.0
7176,-200.0
7177,-120.0
7178,-200.0
7179,-200.0
7180,-200.0
7181,-189.0
7182,-200.0
7183,-158.0
7184,-148.0
7185,-153.0
7186,-200.0
7187,-200.0
7188,-156.0
7189,-156.0
7190,-161.0
7191,-152.0
7192,-184.0
7193,-199.0
7194,-144.0
7195,-200.0
7196,-150.0
7197,-165.0
7198,-147.0
7199,-200.0
7200,-150.0
7201,-150.0
7202,-152.0
7203,-156.0
7204,-152.0
7205,-147.0
7206,-156.0
7207,-154.0
7208,-154.0
7209,-153.0
7210,-158.0
7211,-152.0
7212,-200.0
7213,-200.0
7214,-184.0
7215,-200.0
7216,-163.0
7217,-154.0
7218,-200.0
7219,-149.0
7220,-150.0
7221,-153.0
7222,-148.0
7223,-150.0
7224,-152.0
7225,-147.0
7226,-151.0
7227,-150.0
7228,-152.0
7229,-200.0
7230,-200.0
7231,-144.0
7232,-145.0
7233,-141.0
7234,-146.0
7235,-149.0
7236,-141.0
7237,-145.0
7238,-200.0
7239,-200.0
7240,-200.0
7241,-172.0
7242,-194.0
7243,-200.0
7244,-187.0
7245,-185.0
7246,-197.0
7247,-200.0
7248,-182.0
7249,-200.0
7250,-165.0
7251,-200.0
7252,-186.0
7253,-187.0
7254,-200.0
7255,-182.0
7256,-182.0
7257,-200.0
7258,-181.0
7259,-157.0
7260,-175.0
7261,-183.0
7262,-196.0
7263,-187.0
7264,-172.0
7265,-179.0
7266,-153.0
7267,-200.0
7268,-152.0
7269,-120.0
7270,-200.0
7271,-151.0
7272,-186.0
7273,-200.0
7274,-163.0
7275,-147.0
7276,-147.0
7277,-149.0
7278,-149.0
7279,-200.0
7280,-179.0
7281,-178.0
7282,-157.0
7283,-158.0
7284,-189.0
7285,-155.0
7286,-179.0
7287,-200.0
7288,-155.0
7289,-200.0
7290,-183.0
7291,-194.0
7292,-159.0
7293,-152.0
7294,-197.0
7295,-200.0
7296,-151.0
7297,-135.0
7298,-151.0
7299,-152.0
7300,-169.0
7301,-200.0
7302,-148.0
7303,-200.0
7304,-139.0
7305,-195.0
7306,-131.0
7307,-200.0
7308,-199.0
7309,-178.0
7310,-200.0
7311,-200.0
7312,-200.0
7313,-200.0
7314,-162.0
7315,-180.0
7316,-179.0
7317,-185.0
7318,-179.0
7319,-179.0
7320,-200.0
7321,-197.0
7322,-188.0
7323,-191.0
7324,-200.0
7325,-197.0
7326,-181.0
7327,-194.0
7328,-177.0
7329,-179.0
7330,-200.0
7331,-189.0
7332,-200.0
7333,-186.0
7334,-200.0
7335,-194.0
7336,-200.0
7337,-200.0
7338,-200.0
7339,-186.0
7340,-194.0
7341,-181.0
7342,-189.0
7343,-180.0
7344,-186.0
7345,-194.0
7346,-174.0
7347,-178.0
7348,-162.0
7349,-198.0
7350,-185.0
7351,-177.0
7352,-194.0
7353,-197.0
7354,-198.0
7355,-186.0
7356,-198.0
7357,-186.0
7358,-177.0
7359,-178.0
7360,-191.0
7361,-182.0
7362,-181.0
7363,-186.0
7364,-174.0
7365,-180.0
7366,-158.0
7367,-185.0
7368,-185.0
7369,-186.0
7370,-178.0
7371,-178.0
7372,-189.0
7373,-181.0
7374,-187.0
7375,-181.0
7376,-184.0
7377,-176.0
7378,-184.0
7379,-179.0
7380,-180.0
7381,-184.0
7382,-173.0
7383,-177.0
7384,-177.0
7385,-175.0
7386,-186.0
7387,-178.0
7388,-179.0
7389,-182.0
7390,-182.0
7391,-197.0
7392,-185.0
7393,-185.0
7394,-176.0
7395,-173.0
7396,-179.0
7397,-179.0
7398,-175.0
7399,-183.0
7400,-175.0
7401,-177.0
7402,-177.0
7403,-185.0
7404,-176.0
7405,-177.0
7406,-180.0
7407,-177.0
7408,-176.0
7409,-176.0
7410,-177.0
7411,-178.0
7412,-180.0
7413,-174.0
7414,-187.0
7415,-174.0
7416,-174.0
7417,-177.0
7418,-185.0
7419,-185.0
7420,-183.0
7421,-181.0
7422,-180.0
7423,-180.0
7424,-186.0
7425,-182.0
7426,-179.0
7427,-191.0
7428,-181.0
7429,-189.0
7430,-181.0
7431,-175.0
7432,-179.0
7433,-191.0
7434,-182.0
7435,-189.0
7436,-181.0
7437,-178.0
7438,-189.0
7439,-180.0
7440,-179.0
7441,-179.0
7442,-183.0
7443,-179.0
7444,-189.0
7445,-191.0
7446,-194.0
7447,-189.0
7448,-192.0
7449,-188.0
7450,-176.0
7451,-189.0
7452,-183.0
7453,-174.0
7454,-175.0
7455,-193.0
7456,-179.0
7457,-190.0
7458,-192.0
7459,-195.0
7460,-190.0
7461,-180.0
7462,-182.0
7463,-172.0
7464,-187.0
7465,-177.0
7466,-184.0
7467,-184.0
7468,-174.0
7469,-175.0
7470,-178.0
7471,-173.0
7472,-172.0
7473,-173.0
7474,-191.0
7475,-181.0
7476,-178.0
7477,-171.0
7478,-182.0
7479,-180.0
7480,-174.0
7481,-174.0
7482,-173.0
7483,-176.0
7484,-181.0
7485,-173.0
7486,-185.0
7487,-176.0
7488,-178.0
7489,-172.0
7490,-175.0
7491,-172.0
7492,-176.0
7493,-172.0
7494,-179.0
7495,-181.0
7496,-180.0
7497,-174.0
7498,-180.0
7499,-175.0
7500,-165.0
7501,-180.0
7502,-173.0
7503,-174.0
7504,-183.0
7505,-179.0
7506,-177.0
7507,-177.0
7508,-172.0
7509,-183.0
7510,-184.0
7511,-175.0
7512,-179.0
7513,-171.0
7514,-173.0
7515,-180.0
7516,-184.0
7517,-185.0
7518,-173.0
7519,-181.0
7520,-179.0
7521,-177.0
7522,-179.0
7523,-173.0
7524,-186.0
7525,-184.0
7526,-182.0
7527,-186.0
7528,-179.0
7529,-183.0
7530,-185.0
7531,-173.0
7532,-180.0
7533,-180.0
7534,-186.0
7535,-179.0
7536,-173.0
7537,-175.0
7538,-174.0
7539,-177.0
7540,-179.0
7541,-182.0
7542,-182.0
7543,-186.0
7544,-187.0
7545,-180.0
7546,-179.0
7547,-183.0
7548,-165.0
7549,-186.0
7550,-180.0
7551,-182.0
7552,-164.0
7553,-180.0
7554,-170.0
7555,-170.0
7556,-147.0
7557,-179.0
7558,-167.0
7559,-152.0
7560,-159.0
7561,-174.0
7562,-200.0
7563,-153.0
7564,-179.0
7565,-151.0
7566,-178.0
7567,-148.0
7568,-176.0
7569,-167.0
7570,-148.0
7571,-150.0
7572,-144.0
7573,-148.0
7574,-149.0
7575,-147.0
7576,-200.0
7577,-184.0
7578,-150.0
7579,-154.0
7580,-179.0
7581,-170.0
7582,-149.0
7583,-165.0
7584,-149.0
7585,-186.0
7586,-157.0
7587,-173.0
7588,-172.0
7589,-150.0
7590,-146.0
7591,-189.0
7592,-170.0
7593,-176.0
7594,-155.0
7595,-115.0
7596,-169.0
7597,-161.0
7598,-169.0
7599,-156.0
7600,-150.0
7601,-164.0
7602,-148.0
7603,-149.0
7604,-176.0
7605,-170.0
7606,-198.0
7607,-165.0
7608,-171.0
7609,-165.0
7610,-165.0
7611,-173.0
7612,-169.0
7613,-149.0
7614,-154.0
7615,-173.0
7616,-175.0
7617,-166.0
7618,-115.0
7619,-174.0
7620,-148.0
7621,-159.0
7622,-117.0
7623,-181.0
7624,-171.0
7625,-167.0
7626,-166.0
7627,-155.0
7628,-163.0
7629,-186.0
7630,-178.0
7631,-175.0
7632,-183.0
7633,-173.0
7634,-178.0
7635,-181.0
7636,-157.0
7637,-115.0
7638,-169.0
7639,-162.0
7640,-162.0
7641,-196.0
7642,-154.0
7643,-160.0
7644,-182.0
7645,-117.0
7646,-188.0
7647,-168.0
7648,-183.0
7649,-186.0
7650,-181.0
7651,-169.0
7652,-154.0
7653,-182.0
7654,-185.0
7655,-186.0
7656,-115.0
7657,-174.0
7658,-191.0
7659,-158.0
7660,-160.0
7661,-177.0
7662,-156.0
7663,-179.0
7664,-186.0
7665,-186.0
7666,-156.0
7667,-151.0
7668,-150.0
7669,-175.0
7670,-151.0
7671,-155.0
7672,-151.0
7673,-180.0
7674,-179.0
7675,-151.0
7676,-151.0
7677,-154.0
7678,-153.0
7679,-151.0
7680,-151.0
7681,-151.0
7682,-162.0
7683,-151.0
7684,-158.0
7685,-156.0
7686,-151.0
7687,-152.0
7688,-141.0
7689,-156.0
7690,-142.0
7691,-161.0
7692,-159.0
7693,-165.0
7694,-144.0
7695,-151.0
7696,-141.0
7697,-144.0
7698,-143.0
7699,-144.0
7700,-165.0
7701,-147.0
7702,-158.0
7703,-147.0
7704,-165.0
7705,-143.0
7706,-148.0
7707,-171.0
7708,-148.0
7709,-144.0
7710,-152.0
7711,-152.0
7712,-175.0
7713,-200.0
7714,-144.0
7715,-139.0
7716,-146.0
7717,-142.0
7718,-143.0
7719,-144.0
7720,-144.0
7721,-153.0
7722,-143.0
7723,-140.0
7724,-144.0
7725,-146.0
7726,-144.0
7727,-143.0
7728,-164.0
7729,-140.0
7730,-144.0
7731,-141.0
7732,-142.0
7733,-151.0
7734,-143.0
7735,-143.0
7736,-148.0
7737,-153.0
7738,-148.0
7739,-200.0
7740,-151.0
7741,-163.0
7742,-151.0
7743,-141.0
7744,-151.0
7745,-147.0
7746,-148.0
7747,-147.0
7748,-143.0
7749,-149.0
7750,-149.0
7751,-151.0
7752,-141.0
7753,-159.0
7754,-155.0
7755,-143.0
7756,-147.0
7757,-150.0
7758,-143.0
7759,-148.0
7760,-149.0
7761,-139.0
7762,-158.0
7763,-150.0
7764,-143.0
7765,-182.0
7766,-148.0
7767,-140.0
7768,-151.0
7769,-137.0
7770,-152.0
7771,-144.0
7772,-151.0
7773,-158.0
7774,-151.0
7775,-153.0
7776,-154.0
7777,-152.0
7778,-149.0
7779,-167.0
7780,-147.0
7781,-144.0
7782,-184.0
7783,-183.0
7784,-140.0
7785,-156.0
7786,-140.0
7787,-151.0
7788,-160.0
7789,-150.0
7790,-150.0
7791,-154.0
7792,-157.0
7793,-157.0
7794,-153.0
7795,-143.0
7796,-144.0
7797,-147.0
7798,-151.0
7799,-148.0
7800,-150.0
7801,-152.0
7802,-161.0
7803,-152.0
7804,-144.0
7805,-157.0
7806,-155.0
7807,-148.0
7808,-162.0
7809,-153.0
7810,-147.0
7811,-153.0
7812,-147.0
7813,-157.0
7814,-151.0
7815,-152.0
7816,-151.0
7817,-149.0
7818,-157.0
7819,-146.0
7820,-156.0
7821,-147.0
7822,-140.0
7823,-159.0
7824,-156.0
7825,-143.0
7826,-151.0
7827,-144.0
7828,-150.0
7829,-151.0
7830,-200.0
7831,-140.0
7832,-150.0
7833,-151.0
7834,-156.0
7835,-142.0
7836,-147.0
7837,-137.0
7838,-150.0
7839,-147.0
7840,-183.0
7841,-137.0
7842,-149.0
7843,-135.0
7844,-144.0
7845,-138.0
7846,-138.0
7847,-140.0
7848,-169.0
7849,-143.0
7850,-137.0
7851,-200.0
7852,-151.0
7853,-188.0
7854,-138.0
7855,-147.0
7856,-151.0
7857,-140.0
7858,-138.0
7859,-141.0
7860,-136.0
7861,-136.0
7862,-144.0
7863,-134.0
7864,-137.0
7865,-137.0
7866,-145.0
7867,-146.0
7868,-155.0
7869,-143.0
7870,-147.0
7871,-150.0
7872,-145.0
7873,-137.0
7874,-137.0
7875,-136.0
7876,-150.0
7877,-139.0
7878,-147.0
7879,-140.0
7880,-138.0
7881,-137.0
7882,-141.0
7883,-140.0
7884,-200.0
7885,-155.0
7886,-145.0
7887,-137.0
7888,-136.0
7889,-151.0
7890,-138.0
7891,-151.0
7892,-152.0
7893,-136.0
7894,-136.0
7895,-148.0
7896,-150.0
7897,-150.0
7898,-154.0
7899,-147.0
7900,-149.0
7901,-138.0
7902,-151.0
7903,-136.0
7904,-150.0
7905,-138.0
7906,-148.0
7907,-143.0
7908,-148.0
7909,-148.0
7910,-136.0
7911,-200.0
7912,-137.0
7913,-137.0
7914,-150.0
7915,-138.0
7916,-149.0
7917,-135.0
7918,-142.0
7919,-135.0
7920,-149.0
7921,-147.0
7922,-151.0
7923,-136.0
7924,-200.0
7925,-147.0
7926,-150.0
7927,-135.0
7928,-145.0
7929,-171.0
7930,-137.0
7931,-137.0
7932,-181.0
7933,-151.0
7934,-149.0
7935,-137.0
7936,-137.0
7937,-146.0
7938,-138.0
7939,-140.0
7940,-148.0
7941,-148.0
7942,-134.0
7943,-151.0
7944,-134.0
7945,-148.0
7946,-151.0
7947,-151.0
7948,-152.0
7949,-145.0
7950,-191.0
7951,-200.0
7952,-125.0
7953,-120.0
7954,-153.0
7955,-121.0
7956,-148.0
7957,-121.0
7958,-187.0
7959,-150.0
7960,-148.0
7961,-118.0
7962,-148.0
7963,-189.0
7964,-118.0
7965,-146.0
7966,-147.0
7967,-150.0
7968,-175.0
7969,-152.0
7970,-119.0
7971,-122.0
7972,-145.0
7973,-122.0
7974,-146.0
7975,-121.0
7976,-148.0
7977,-129.0
7978,-146.0
7979,-157.0
7980,-160.0
7981,-146.0
7982,-149.0
7983,-146.0
7984,-177.0
7985,-152.0
7986,-145.0
7987,-174.0
7988,-153.0
7989,-172.0
7990,-200.0
7991,-195.0
7992,-149.0
7993,-178.0
7994,-150.0
7995,-162.0
7996,-174.0
7997,-199.0
7998,-164.0
7999,-145.0
8000,-152.0
8001,-127.0
8002,-200.0
8003,-151.0
8004,-123.0
8005,-200.0
8006,-154.0
8007,-200.0
8008,-200.0
8009,-127.0
8010,-157.0
8011,-154.0
8012,-152.0
8013,-151.0
8014,-154.0
8015,-157.0
8016,-200.0
8017,-200.0
8018,-200.0
8019,-200.0
8020,-160.0
8021,-154.0
8022,-200.0
8023,-200.0
8024,-200.0
8025,-152.0
8026,-127.0
8027,-158.0
8028,-200.0
8029,-200.0
8030,-160.0
8031,-200.0
8032,-159.0
8033,-200.0
8034,-159.0
8035,-148.0
8036,-153.0
8037,-200.0
8038,-145.0
8039,-148.0
8040,-200.0
8041,-200.0
8042,-150.0
8043,-200.0
8044,-162.0
8045,-200.0
8046,-164.0
8047,-200.0
8048,-200.0
8049,-161.0
8050,-200.0
8051,-154.0
8052,-151.0
8053,-150.0
8054,-149.0
8055,-147.0
8056,-200.0
8057,-200.0
8058,-161.0
8059,-200.0
8060,-153.0
8061,-151.0
8062,-164.0
8063,-160.0
8064,-136.0
8065,-156.0
8066,-151.0
8067,-147.0
8068,-121.0
8069,-124.0
8070,-154.0
8071,-118.0
8072,-117.0
8073,-119.0
8074,-119.0
8075,-157.0
8076,-169.0
8077,-147.0
8078,-154.0
8079,-153.0
8080,-144.0
8081,-145.0
8082,-120.0
8083,-120.0
8084,-160.0
8085,-146.0
8086,-117.0
8087,-117.0
8088,-159.0
8089,-120.0
8090,-160.0
8091,-115.0
8092,-115.0
8093,-117.0
8094,-158.0
8095,-152.0
8096,-154.0
8097,-152.0
8098,-160.0
8099,-160.0
8100,-120.0
8101,-118.0
8102,-161.0
8103,-169.0
8104,-158.0
8105,-118.0
8106,-118.0
8107,-154.0
8108,-141.0
8109,-118.0
8110,-115.0
8111,-156.0
8112,-116.0
8113,-113.0
8114,-159.0
8115,-168.0
8116,-147.0
8117,-149.0
8118,-116.0
8119,-116.0
8120,-150.0
8121,-116.0
8122,-116.0
8123,-156.0
8124,-150.0
8125,-118.0
8126,-154.0
8127,-116.0
8128,-116.0
8129,-144.0
8130,-152.0
8131,-159.0
8132,-117.0
8133,-114.0
8134,-117.0
8135,-152.0
8136,-151.0
8137,-149.0
8138,-158.0
8139,-119.0
8140,-117.0
8141,-118.0
8142,-151.0
8143,-151.0
8144,-149.0
8145,-145.0
8146,-119.0
8147,-116.0
8148,-115.0
8149,-146.0
8150,-114.0
8151,-114.0
8152,-144.0
8153,-148.0
8154,-145.0
8155,-147.0
8156,-145.0
8157,-116.0
8158,-117.0
8159,-114.0
8160,-146.0
8161,-117.0
8162,-115.0
8163,-114.0
8164,-146.0
8165,-155.0
8166,-114.0
8167,-148.0
8168,-155.0
8169,-115.0
8170,-119.0
8171,-117.0
8172,-116.0
8173,-146.0
8174,-116.0
8175,-118.0
8176,-114.0
8177,-116.0
8178,-160.0
8179,-114.0
8180,-149.0
8181,-145.0
8182,-147.0
8183,-149.0
8184,-152.0
8185,-115.0
8186,-148.0
8187,-117.0
8188,-115.0
8189,-116.0
8190,-146.0
8191,-146.0
8192,-115.0
8193,-116.0
8194,-115.0
8195,-116.0
8196,-114.0
8197,-148.0
8198,-117.0
8199,-114.0
8200,-158.0
8201,-147.0
8202,-162.0
8203,-117.0
8204,-151.0
8205,-168.0
8206,-116.0
8207,-156.0
8208,-115.0
8209,-153.0
8210,-145.0
8211,-159.0
8212,-154.0
8213,-144.0
8214,-115.0
8215,-144.0
8216,-147.0
8217,-116.0
8218,-144.0
8219,-116.0
8220,-116.0
8221,-148.0
8222,-144.0
8223,-148.0
8224,-116.0
8225,-149.0
8226,-163.0
8227,-149.0
8228,-145.0
8229,-152.0
8230,-115.0
8231,-146.0
8232,-116.0
8233,-115.0
8234,-116.0
8235,-148.0
8236,-115.0
8237,-146.0
8238,-156.0
8239,-148.0
8240,-149.0
8241,-150.0
8242,-148.0
8243,-116.0
8244,-152.0
8245,-114.0
8246,-151.0
8247,-115.0
8248,-114.0
8249,-116.0
8250,-115.0
8251,-153.0
8252,-151.0
8253,-115.0
8254,-114.0
8255,-150.0
8256,-115.0
8257,-161.0
8258,-150.0
8259,-163.0
8260,-153.0
8261,-165.0
8262,-158.0
8263,-154.0
8264,-148.0
8265,-148.0
8266,-148.0
8267,-115.0
8268,-114.0
8269,-166.0
8270,-117.0
8271,-115.0
8272,-150.0
8273,-149.0
8274,-156.0
8275,-115.0
8276,-116.0
8277,-116.0
8278,-117.0
8279,-117.0
8280,-154.0
8281,-114.0
8282,-115.0
8283,-164.0
8284,-114.0
8285,-115.0
8286,-115.0
8287,-181.0
8288,-115.0
8289,-163.0
8290,-118.0
8291,-115.0
8292,-149.0
8293,-147.0
8294,-144.0
8295,-142.0
8296,-147.0
8297,-145.0
8298,-115.0
8299,-143.0
8300,-114.0
8301,-115.0
8302,-114.0
8303,-154.0
8304,-116.0
8305,-114.0
8306,-116.0
8307,-114.0
8308,-151.0
8309,-115.0
8310,-117.0
8311,-145.0
8312,-148.0
8313,-115.0
8314,-115.0
8315,-145.0
8316,-158.0
8317,-116.0
8318,-116.0
8319,-117.0
8320,-152.0
8321,-115.0
8322,-141.0
8323,-151.0
8324,-114.0
8325,-114.0
8326,-152.0
8327,-115.0
8328,-153.0
8329,-145.0
8330,-155.0
8331,-116.0
8332,-149.0
8333,-114.0
8334,-117.0
8335,-149.0
8336,-156.0
8337,-115.0
8338,-116.0
8339,-175.0
8340,-115.0
8341,-147.0
8342,-162.0
8343,-130.0
8344,-115.0
8345,-115.0
8346,-161.0
8347,-165.0
8348,-115.0
8349,-153.0
8350,-114.0
8351,-144.0
8352,-153.0
8353,-154.0
8354,-114.0
8355,-170.0
8356,-115.0
8357,-114.0
8358,-115.0
8359,-155.0
8360,-151.0
8361,-114.0
8362,-152.0
8363,-158.0
8364,-115.0
8365,-117.0
8366,-117.0
8367,-117.0
8368,-152.0
8369,-116.0
8370,-172.0
8371,-115.0
8372,-157.0
8373,-129.0
8374,-151.0
8375,-158.0
8376,-114.0
8377,-167.0
8378,-115.0
8379,-118.0
8380,-115.0
8381,-169.0
8382,-154.0
8383,-153.0
8384,-155.0
8385,-114.0
8386,-153.0
8387,-159.0
8388,-116.0
8389,-153.0
8390,-157.0
8391,-171.0
8392,-145.0
8393,-155.0
8394,-154.0
8395,-157.0
8396,-115.0
8397,-175.0
8398,-141.0
8399,-152.0
8400,-114.0
8401,-116.0
8402,-114.0
8403,-114.0
8404,-144.0
8405,-117.0
8406,-116.0
8407,-153.0
8408,-148.0
8409,-116.0
8410,-116.0
8411,-153.0
8412,-157.0
8413,-157.0
8414,-115.0
8415,-115.0
8416,-117.0
8417,-116.0
8418,-121.0
8419,-153.0
8420,-115.0
8421,-115.0
8422,-161.0
8423,-160.0
8424,-116.0
8425,-143.0
8426,-114.0
8427,-114.0
8428,-138.0
8429,-115.0
8430,-115.0
8431,-158.0
8432,-115.0
8433,-155.0
8434,-115.0
8435,-115.0
8436,-115.0
8437,-141.0
8438,-148.0
8439,-143.0
8440,-115.0
8441,-161.0
8442,-117.0
8443,-117.0
8444,-161.0
8445,-158.0
8446,-117.0
8447,-115.0
8448,-115.0
8449,-160.0
8450,-116.0
8451,-153.0
8452,-163.0
8453,-115.0
8454,-161.0
8455,-159.0
8456,-116.0
8457,-148.0
8458,-157.0
8459,-158.0
8460,-158.0
8461,-114.0
8462,-159.0
8463,-115.0
8464,-154.0
8465,-115.0
8466,-156.0
8467,-114.0
8468,-116.0
8469,-115.0
8470,-115.0
8471,-121.0
8472,-118.0
8473,-155.0
8474,-116.0
8475,-152.0
8476,-157.0
8477,-114.0
8478,-144.0
8479,-157.0
8480,-160.0
8481,-167.0
8482,-157.0
8483,-158.0
8484,-115.0
8485,-139.0
8486,-168.0
8487,-156.0
8488,-116.0
8489,-161.0
8490,-115.0
8491,-156.0
8492,-120.0
8493,-156.0
8494,-115.0
8495,-118.0
8496,-131.0
8497,-166.0
8498,-116.0
8499,-155.0
8500,-116.0
8501,-121.0
8502,-116.0
8503,-116.0
8504,-159.0
8505,-116.0
8506,-156.0
8507,-115.0
8508,-156.0
8509,-116.0
8510,-156.0
8511,-116.0
8512,-156.0
8513,-168.0
8514,-141.0
8515,-114.0
8516,-166.0
8517,-140.0
8518,-116.0
8519,-119.0
8520,-160.0
8521,-155.0
8522,-156.0
8523,-115.0
8524,-155.0
8525,-141.0
8526,-117.0
8527,-143.0
8528,-117.0
8529,-115.0
8530,-115.0
8531,-116.0
8532,-114.0
8533,-154.0
8534,-157.0
8535,-166.0
8536,-152.0
8537,-116.0
8538,-156.0
8539,-116.0
8540,-116.0
8541,-116.0
8542,-151.0
8543,-116.0
8544,-167.0
8545,-115.0
8546,-115.0
8547,-162.0
8548,-115.0
8549,-155.0
8550,-115.0
8551,-149.0
8552,-147.0
8553,-165.0
8554,-142.0
8555,-118.0
8556,-150.0
8557,-151.0
8558,-143.0
8559,-116.0
8560,-151.0
8561,-116.0
8562,-153.0
8563,-162.0
8564,-159.0
8565,-160.0
8566,-162.0
8567,-163.0
8568,-140.0
8569,-151.0
8570,-117.0
8571,-152.0
8572,-150.0
8573,-118.0
8574,-163.0
8575,-142.0
8576,-169.0
8577,-117.0
8578,-164.0
8579,-153.0
8580,-116.0
8581,-152.0
8582,-153.0
8583,-116.0
8584,-118.0
8585,-116.0
8586,-115.0
8587,-155.0
8588,-142.0
8589,-116.0
8590,-155.0
8591,-145.0
8592,-116.0
8593,-154.0
8594,-116.0
8595,-115.0
8596,-161.0
8597,-115.0
8598,-155.0
8599,-155.0
8600,-158.0
8601,-115.0
8602,-155.0
8603,-118.0
8604,-116.0
8605,-116.0
8606,-159.0
8607,-160.0
8608,-116.0
8609,-150.0
8610,-148.0
8611,-115.0
8612,-116.0
8613,-152.0
8614,-166.0
8615,-153.0
8616,-150.0
8617,-115.0
8618,-150.0
8619,-153.0
8620,-148.0
8621,-151.0
8622,-151.0
8623,-149.0
8624,-165.0
8625,-157.0
8626,-148.0
8627,-139.0
8628,-152.0
8629,-153.0
8630,-115.0
8631,-116.0
8632,-163.0
8633,-124.0
8634,-124.0
8635,-164.0
8636,-116.0
8637,-115.0
8638,-151.0
8639,-152.0
8640,-116.0
8641,-166.0
8642,-117.0
8643,-115.0
8644,-116.0
8645,-153.0
8646,-145.0
8647,-115.0
8648,-117.0
8649,-164.0
8650,-145.0
8651,-116.0
8652,-116.0
8653,-115.0
8654,-149.0
8655,-160.0
8656,-117.0
8657,-148.0
8658,-140.0
8659,-140.0
8660,-116.0
8661,-144.0
8662,-117.0
8663,-114.0
8664,-115.0
8665,-142.0
8666,-144.0
8667,-143.0
8668,-145.0
8669,-116.0
8670,-149.0
8671,-141.0
8672,-151.0
8673,-150.0
8674,-144.0
8675,-153.0
8676,-116.0
8677,-115.0
8678,-141.0
8679,-144.0
8680,-143.0
8681,-116.0
8682,-115.0
8683,-146.0
8684,-141.0
8685,-141.0
8686,-115.0
8687,-141.0
8688,-140.0
8689,-115.0
8690,-116.0
8691,-117.0
8692,-114.0
8693,-141.0
8694,-115.0
8695,-116.0
8696,-116.0
8697,-150.0
8698,-115.0
8699,-143.0
8700,-114.0
8701,-144.0
8702,-116.0
8703,-142.0
8704,-116.0
8705,-143.0
8706,-142.0
8707,-115.0
8708,-147.0
8709,-155.0
8710,-116.0
8711,-118.0
8712,-117.0
8713,-142.0
8714,-115.0
8715,-114.0
8716,-117.0
8717,-155.0
8718,-115.0
8719,-153.0
8720,-142.0
8721,-114.0
8722,-115.0
8723,-116.0
8724,-114.0
8725,-116.0
8726,-114.0
8727,-115.0
8728,-142.0
8729,-117.0
8730,-142.0
8731,-142.0
8732,-143.0
8733,-143.0
8734,-145.0
8735,-115.0
8736,-142.0
8737,-152.0
8738,-117.0
8739,-143.0
8740,-145.0
8741,-144.0
8742,-116.0
8743,-143.0
8744,-143.0
8745,-148.0
8746,-143.0
8747,-151.0
8748,-153.0
8749,-116.0
8750,-117.0
8751,-114.0
8752,-115.0
8753,-146.0
8754,-143.0
8755,-115.0
8756,-145.0
8757,-144.0
8758,-115.0
8759,-143.0
8760,-145.0
8761,-144.0
8762,-114.0
8763,-146.0
8764,-115.0
8765,-144.0
8766,-143.0
8767,-115.0
8768,-115.0
8769,-115.0
8770,-145.0
8771,-115.0
8772,-144.0
8773,-144.0
8774,-142.0
8775,-114.0
8776,-155.0
8777,-115.0
8778,-116.0
8779,-114.0
8780,-148.0
8781,-116.0
8782,-153.0
8783,-150.0
8784,-114.0
8785,-144.0
8786,-115.0
8787,-147.0
8788,-116.0
8789,-115.0
8790,-156.0
8791,-116.0
8792,-115.0
8793,-149.0
8794,-115.0
8795,-147.0
8796,-114.0
8797,-157.0
8798,-153.0
8799,-148.0
8800,-145.0
8801,-163.0
8802,-114.0
8803,-145.0
8804,-144.0
8805,-151.0
8806,-153.0
8807,-116.0
8808,-145.0
8809,-160.0
8810,-146.0
8811,-145.0
8812,-116.0
8813,-114.0
8814,-150.0
8815,-146.0
8816,-151.0
8817,-116.0
8818,-117.0
8819,-149.0
8820,-114.0
8821,-116.0
8822,-115.0
8823,-115.0
8824,-165.0
8825,-160.0
8826,-147.0
8827,-114.0
8828,-114.0
8829,-146.0
8830,-115.0
8831,-148.0
8832,-147.0
8833,-115.0
8834,-143.0
8835,-117.0
8836,-166.0
8837,-115.0
8838,-144.0
8839,-148.0
8840,-154.0
8841,-163.0
8842,-115.0
8843,-116.0
8844,-150.0
8845,-115.0
8846,-115.0
8847,-114.0
8848,-148.0
8849,-115.0
8850,-143.0
8851,-146.0
8852,-116.0
8853,-151.0
8854,-115.0
8855,-115.0
8856,-114.0
8857,-154.0
8858,-146.0
8859,-117.0
8860,-155.0
8861,-141.0
8862,-114.0
8863,-142.0
8864,-146.0
8865,-167.0
8866,-115.0
8867,-141.0
8868,-146.0
8869,-115.0
8870,-143.0
8871,-116.0
8872,-143.0
8873,-115.0
8874,-114.0
8875,-145.0
8876,-115.0
8877,-145.0
8878,-142.0
8879,-144.0
8880,-143.0
8881,-116.0
8882,-141.0
8883,-140.0
8884,-144.0
8885,-144.0
8886,-189.0
8887,-115.0
8888,-117.0
8889,-141.0
8890,-156.0
8891,-194.0
8892,-147.0
8893,-168.0
8894,-164.0
8895,-200.0
8896,-200.0
8897,-200.0
8898,-149.0
8899,-150.0
8900,-148.0
8901,-115.0
8902,-200.0
8903,-200.0
8904,-157.0
8905,-166.0
8906,-144.0
8907,-146.0
8908,-148.0
8909,-145.0
8910,-146.0
8911,-150.0
8912,-149.0
8913,-145.0
8914,-115.0
8915,-141.0
8916,-146.0
8917,-146.0
8918,-131.0
8919,-147.0
8920,-145.0
8921,-148.0
8922,-140.0
8923,-141.0
8924,-160.0
8925,-143.0
8926,-150.0
8927,-139.0
8928,-140.0
8929,-144.0
8930,-147.0
8931,-145.0
8932,-140.0
8933,-146.0
8934,-147.0
8935,-155.0
8936,-139.0
8937,-145.0
8938,-154.0
8939,-200.0
8940,-146.0
8941,-145.0
8942,-141.0
8943,-200.0
8944,-200.0
8945,-135.0
8946,-145.0
8947,-148.0
8948,-141.0
8949,-200.0
8950,-141.0
8951,-143.0
8952,-150.0
8953,-153.0
8954,-148.0
8955,-141.0
8956,-150.0
8957,-146.0
8958,-151.0
8959,-147.0
8960,-142.0
8961,-148.0
8962,-139.0
8963,-148.0
8964,-141.0
8965,-142.0
8966,-147.0
8967,-150.0
8968,-150.0
8969,-153.0
8970,-151.0
8971,-145.0
8972,-146.0
8973,-142.0
8974,-155.0
8975,-147.0
8976,-144.0
8977,-141.0
8978,-139.0
8979,-147.0
8980,-145.0
8981,-144.0
8982,-146.0
8983,-149.0
8984,-148.0
8985,-146.0
8986,-148.0
8987,-145.0
8988,-151.0
8989,-142.0
8990,-138.0
8991,-142.0
8992,-147.0
8993,-145.0
8994,-148.0
8995,-152.0
8996,-145.0
8997,-141.0
8998,-142.0
8999,-139.0
9000,-140.0
9001,-140.0
9002,-141.0
9003,-149.0
9004,-157.0
9005,-146.0
9006,-153.0
9007,-157.0
9008,-142.0
9009,-149.0
9010,-144.0
9011,-140.0
9012,-143.0
9013,-142.0
9014,-138.0
9015,-140.0
9016,-154.0
9017,-153.0
9018,-146.0
9019,-148.0
9020,-149.0
9021,-161.0
9022,-143.0
9023,-146.0
9024,-154.0
9025,-144.0
9026,-153.0
9027,-146.0
9028,-150.0
9029,-150.0
9030,-142.0
9031,-157.0
9032,-152.0
9033,-143.0
9034,-150.0
9035,-151.0
9036,-142.0
9037,-142.0
9038,-143.0
9039,-149.0
9040,-142.0
9041,-147.0
9042,-152.0
9043,-144.0
9044,-150.0
9045,-145.0
9046,-148.0
9047,-145.0
9048,-151.0
9049,-147.0
9050,-156.0
9051,-145.0
9052,-149.0
9053,-147.0
9054,-155.0
9055,-143.0
9056,-149.0
9057,-143.0
9058,-141.0
9059,-144.0
9060,-146.0
9061,-140.0
9062,-146.0
9063,-146.0
9064,-148.0
9065,-143.0
9066,-141.0
9067,-148.0
9068,-148.0
9069,-143.0
9070,-143.0
9071,-149.0
9072,-144.0
9073,-147.0
9074,-140.0
9075,-144.0
9076,-141.0
9077,-152.0
9078,-148.0
9079,-142.0
9080,-145.0
9081,-157.0
9082,-140.0
9083,-154.0
9084,-147.0
9085,-143.0
9086,-200.0
9087,-182.0
9088,-144.0
9089,-163.0
9090,-142.0
9091,-181.0
9092,-184.0
9093,-168.0
9094,-142.0
9095,-139.0
9096,-144.0
9097,-139.0
9098,-157.0
9099,-142.0
9100,-142.0
9101,-200.0
9102,-156.0
9103,-152.0
9104,-141.0
9105,-161.0
9106,-200.0
9107,-156.0
9108,-152.0
9109,-183.0
9110,-145.0
9111,-145.0
9112,-182.0
9113,-193.0
9114,-151.0
9115,-175.0
9116,-148.0
9117,-146.0
9118,-161.0
9119,-140.0
9120,-142.0
9121,-115.0
9122,-149.0
9123,-143.0
9124,-146.0
9125,-155.0
9126,-141.0
9127,-142.0
9128,-140.0
9129,-179.0
9130,-147.0
9131,-133.0
9132,-142.0
9133,-144.0
9134,-140.0
9135,-142.0
9136,-200.0
9137,-200.0
9138,-131.0
9139,-117.0
9140,-128.0
9141,-154.0
9142,-160.0
9143,-154.0
9144,-171.0
9145,-122.0
9146,-116.0
9147,-117.0
9148,-116.0
9149,-118.0
9150,-152.0
9151,-146.0
9152,-171.0
9153,-154.0
9154,-161.0
9155,-116.0
9156,-154.0
9157,-115.0
9158,-157.0
9159,-155.0
9160,-115.0
9161,-145.0
9162,-116.0
9163,-116.0
9164,-145.0
9165,-151.0
9166,-142.0
9167,-144.0
9168,-145.0
9169,-129.0
9170,-114.0
9171,-117.0
9172,-148.0
9173,-115.0
9174,-116.0
9175,-147.0
9176,-116.0
9177,-144.0
9178,-155.0
9179,-143.0
9180,-147.0
9181,-115.0
9182,-147.0
9183,-149.0
9184,-115.0
9185,-115.0
9186,-143.0
9187,-146.0
9188,-147.0
9189,-151.0
9190,-143.0
9191,-143.0
9192,-115.0
9193,-143.0
9194,-144.0
9195,-144.0
9196,-145.0
9197,-149.0
9198,-144.0
9199,-142.0
9200,-155.0
9201,-116.0
9202,-116.0
9203,-116.0
9204,-117.0
9205,-144.0
9206,-147.0
9207,-145.0
9208,-145.0
9209,-143.0
9210,-116.0
9211,-158.0
9212,-150.0
9213,-148.0
9214,-157.0
9215,-115.0
9216,-146.0
9217,-149.0
9218,-143.0
9219,-117.0
9220,-142.0
9221,-115.0
9222,-143.0
9223,-144.0
9224,-116.0
9225,-161.0
9226,-155.0
9227,-144.0
9228,-154.0
9229,-148.0
9230,-118.0
9231,-145.0
9232,-157.0
9233,-119.0
9234,-116.0
9235,-115.0
9236,-148.0
9237,-115.0
9238,-115.0
9239,-116.0
9240,-115.0
9241,-151.0
9242,-116.0
9243,-142.0
9244,-155.0
9245,-116.0
9246,-116.0
9247,-146.0
9248,-158.0
9249,-115.0
9250,-115.0
9251,-149.0
9252,-143.0
9253,-143.0
9254,-146.0
9255,-148.0
9256,-151.0
9257,-116.0
9258,-115.0
9259,-115.0
9260,-154.0
9261,-144.0
9262,-144.0
9263,-115.0
9264,-149.0
9265,-115.0
9266,-148.0
9267,-152.0
9268,-156.0
9269,-145.0
9270,-116.0
9271,-116.0
9272,-116.0
9273,-145.0
9274,-143.0
9275,-152.0
9276,-156.0
9277,-115.0
9278,-117.0
9279,-115.0
9280,-144.0
9281,-148.0
9282,-157.0
9283,-114.0
9284,-115.0
9285,-149.0
9286,-144.0
9287,-115.0
9288,-150.0
9289,-116.0
9290,-145.0
9291,-122.0
9292,-148.0
9293,-146.0
9294,-115.0
9295,-114.0
9296,-151.0
9297,-116.0
9298,-115.0
9299,-116.0
9300,-123.0
9301,-146.0
9302,-148.0
9303,-145.0
9304,-150.0
9305,-116.0
9306,-116.0
9307,-115.0
9308,-116.0
9309,-117.0
9310,-115.0
9311,-145.0
9312,-115.0
9313,-116.0
9314,-116.0
9315,-153.0
9316,-144.0
9317,-144.0
9318,-117.0
9319,-116.0
9320,-115.0
9321,-114.0
9322,-144.0
9323,-117.0
9324,-116.0
9325,-118.0
9326,-116.0
9327,-152.0
9328,-118.0
9329,-144.0
9330,-158.0
9331,-156.0
9332,-146.0
9333,-145.0
9334,-146.0
9335,-142.0
9336,-144.0
9337,-115.0
9338,-149.0
9339,-146.0
9340,-116.0
9341,-148.0
9342,-145.0
9343,-117.0
9344,-144.0
9345,-115.0
9346,-153.0
9347,-117.0
9348,-147.0
9349,-115.0
9350,-153.0
9351,-144.0
9352,-148.0
9353,-149.0
9354,-145.0
9355,-115.0
9356,-115.0
9357,-148.0
9358,-146.0
9359,-143.0
9360,-149.0
9361,-147.0
9362,-160.0
9363,-152.0
9364,-144.0
9365,-117.0
9366,-144.0
9367,-117.0
9368,-147.0
9369,-124.0
9370,-144.0
9371,-155.0
9372,-157.0
9373,-116.0
9374,-117.0
9375,-155.0
9376,-145.0
9377,-116.0
9378,-115.0
9379,-147.0
9380,-116.0
9381,-147.0
9382,-146.0
9383,-116.0
9384,-158.0
9385,-156.0
9386,-144.0
9387,-149.0
9388,-118.0
9389,-151.0
9390,-147.0
9391,-160.0
9392,-116.0
9393,-114.0
9394,-116.0
9395,-117.0
9396,-150.0
9397,-115.0
9398,-116.0
9399,-117.0
9400,-114.0
9401,-117.0
9402,-144.0
9403,-114.0
9404,-152.0
9405,-143.0
9406,-116.0
9407,-154.0
9408,-153.0
9409,-145.0
9410,-115.0
9411,-115.0
9412,-145.0
9413,-159.0
9414,-149.0
9415,-152.0
9416,-115.0
9417,-151.0
9418,-154.0
9419,-150.0
9420,-118.0
9421,-152.0
9422,-149.0
9423,-158.0
9424,-151.0
9425,-151.0
9426,-147.0
9427,-149.0
9428,-116.0
9429,-117.0
9430,-146.0
9431,-115.0
9432,-116.0
9433,-151.0
9434,-149.0
9435,-114.0
9436,-116.0
9437,-158.0
9438,-115.0
9439,-115.0
9440,-159.0
9441,-154.0
9442,-154.0
9443,-116.0
9444,-168.0
9445,-167.0
9446,-157.0
9447,-116.0
9448,-161.0
9449,-157.0
9450,-168.0
9451,-158.0
9452,-117.0
9453,-157.0
9454,-115.0
9455,-118.0
9456,-148.0
9457,-152.0
9458,-157.0
9459,-152.0
9460,-117.0
9461,-154.0
9462,-116.0
9463,-154.0
9464,-155.0
9465,-116.0
9466,-114.0
9467,-114.0
9468,-115.0
9469,-157.0
9470,-155.0
9471,-155.0
9472,-158.0
9473,-116.0
9474,-116.0
9475,-154.0
9476,-118.0
9477,-116.0
9478,-161.0
9479,-115.0
9480,-114.0
9481,-159.0
9482,-155.0
9483,-154.0
9484,-117.0
9485,-162.0
9486,-162.0
9487,-153.0
9488,-158.0
9489,-121.0
9490,-115.0
9491,-152.0
9492,-153.0
9493,-116.0
9494,-117.0
9495,-119.0
9496,-151.0
9497,-150.0
9498,-150.0
9499,-157.0
9500,-162.0
9501,-159.0
9502,-117.0
9503,-114.0
9504,-115.0
9505,-115.0
9506,-150.0
9507,-160.0
9508,-155.0
9509,-150.0
9510,-115.0
9511,-151.0
9512,-154.0
9513,-157.0
9514,-168.0
9515,-165.0
9516,-116.0
9517,-115.0
9518,-153.0
9519,-155.0
9520,-155.0
9521,-115.0
9522,-116.0
9523,-116.0
9524,-116.0
9525,-116.0
9526,-153.0
9527,-150.0
9528,-117.0
9529,-115.0
9530,-161.0
9531,-114.0
9532,-116.0
9533,-151.0
9534,-148.0
9535,-116.0
9536,-157.0
9537,-115.0
9538,-150.0
9539,-160.0
9540,-116.0
9541,-150.0
9542,-157.0
9543,-149.0
9544,-149.0
9545,-158.0
9546,-143.0
9547,-155.0
9548,-149.0
9549,-115.0
9550,-148.0
9551,-114.0
9552,-149.0
9553,-116.0
9554,-158.0
9555,-150.0
9556,-149.0
9557,-116.0
9558,-149.0
9559,-115.0
9560,-150.0
9561,-151.0
9562,-115.0
9563,-149.0
9564,-116.0
9565,-151.0
9566,-156.0
9567,-161.0
9568,-151.0
9569,-150.0
9570,-155.0
9571,-117.0
9572,-117.0
9573,-151.0
9574,-158.0
9575,-152.0
9576,-151.0
9577,-150.0
9578,-149.0
9579,-160.0
9580,-116.0
9581,-115.0
9582,-152.0
9583,-151.0
9584,-151.0
9585,-117.0
9586,-116.0
9587,-115.0
9588,-114.0
9589,-152.0
9590,-115.0
9591,-149.0
9592,-116.0
9593,-148.0
9594,-149.0
9595,-116.0
9596,-115.0
9597,-148.0
9598,-147.0
9599,-149.0
9600,-149.0
9601,-149.0
9602,-151.0
9603,-115.0
9604,-115.0
9605,-116.0
9606,-148.0
9607,-157.0
9608,-148.0
9609,-115.0
9610,-116.0
9611,-149.0
9612,-148.0
9613,-119.0
9614,-148.0
9615,-117.0
9616,-148.0
9617,-145.0
9618,-147.0
9619,-116.0
9620,-153.0
9621,-161.0
9622,-117.0
9623,-142.0
9624,-149.0
9625,-118.0
9626,-116.0
9627,-145.0
9628,-114.0
9629,-149.0
9630,-151.0
9631,-118.0
9632,-148.0
9633,-141.0
9634,-147.0
9635,-117.0
9636,-115.0
9637,-186.0
9638,-115.0
9639,-155.0
9640,-156.0
9641,-154.0
9642,-162.0
9643,-166.0
9644,-156.0
9645,-115.0
9646,-153.0
9647,-117.0
9648,-152.0
9649,-163.0
9650,-116.0
9651,-116.0
9652,-116.0
9653,-118.0
9654,-152.0
9655,-121.0
9656,-117.0
9657,-115.0
9658,-116.0
9659,-161.0
9660,-116.0
9661,-162.0
9662,-115.0
9663,-154.0
9664,-152.0
9665,-156.0
9666,-155.0
9667,-159.0
9668,-153.0
9669,-153.0
9670,-155.0
9671,-152.0
9672,-117.0
9673,-116.0
9674,-156.0
9675,-122.0
9676,-154.0
9677,-115.0
9678,-152.0
9679,-152.0
9680,-115.0
9681,-116.0
9682,-151.0
9683,-154.0
9684,-116.0
9685,-148.0
9686,-125.0
9687,-153.0
9688,-116.0
9689,-114.0
9690,-119.0
9691,-142.0
9692,-114.0
9693,-115.0
9694,-143.0
9695,-150.0
9696,-117.0
9697,-144.0
9698,-146.0
9699,-114.0
9700,-116.0
9701,-148.0
9702,-149.0
9703,-149.0
9704,-149.0
9705,-151.0
9706,-142.0
9707,-115.0
9708,-141.0
9709,-144.0
9710,-115.0
9711,-114.0
9712,-154.0
9713,-143.0
9714,-149.0
9715,-152.0
9716,-145.0
9717,-116.0
9718,-116.0
9719,-146.0
9720,-143.0
9721,-154.0
9722,-156.0
9723,-145.0
9724,-143.0
9725,-142.0
9726,-117.0
9727,-154.0
9728,-152.0
9729,-143.0
9730,-116.0
9731,-154.0
9732,-117.0
9733,-147.0
9734,-116.0
9735,-117.0
9736,-144.0
9737,-115.0
9738,-117.0
9739,-116.0
9740,-116.0
9741,-143.0
9742,-145.0
9743,-153.0
9744,-142.0
9745,-117.0
9746,-145.0
9747,-152.0
9748,-143.0
9749,-117.0
9750,-117.0
9751,-147.0
9752,-146.0
9753,-151.0
9754,-144.0
9755,-116.0
9756,-145.0
9757,-146.0
9758,-115.0
9759,-118.0
9760,-117.0
9761,-116.0
9762,-143.0
9763,-115.0
9764,-117.0
9765,-151.0
9766,-114.0
9767,-142.0
9768,-118.0
9769,-117.0
9770,-117.0
9771,-143.0
9772,-116.0
9773,-116.0
9774,-115.0
9775,-143.0
9776,-116.0
9777,-141.0
9778,-114.0
9779,-152.0
9780,-146.0
9781,-117.0
9782,-117.0
9783,-117.0
9784,-117.0
9785,-118.0
9786,-116.0
9787,-150.0
9788,-143.0
9789,-120.0
9790,-116.0
9791,-116.0
9792,-142.0
9793,-146.0
9794,-116.0
9795,-152.0
9796,-144.0
9797,-115.0
9798,-149.0
9799,-143.0
9800,-142.0
9801,-116.0
9802,-147.0
9803,-141.0
9804,-144.0
9805,-155.0
9806,-152.0
9807,-116.0
9808,-145.0
9809,-148.0
9810,-143.0
9811,-144.0
9812,-142.0
9813,-157.0
9814,-116.0
9815,-143.0
9816,-154.0
9817,-143.0
9818,-155.0
9819,-147.0
9820,-144.0
9821,-116.0
9822,-154.0
9823,-150.0
9824,-115.0
9825,-118.0
9826,-145.0
9827,-143.0
9828,-142.0
9829,-145.0
9830,-116.0
9831,-144.0
9832,-143.0
9833,-142.0
9834,-115.0
9835,-117.0
9836,-116.0
9837,-143.0
9838,-144.0
9839,-117.0
9840,-116.0
9841,-146.0
9842,-145.0
9843,-143.0
9844,-115.0
9845,-116.0
9846,-116.0
9847,-116.0
9848,-144.0
9849,-114.0
9850,-153.0
9851,-116.0
9852,-144.0
9853,-143.0
9854,-151.0
9855,-144.0
9856,-114.0
9857,-144.0
9858,-115.0
9859,-143.0
9860,-142.0
9861,-144.0
9862,-144.0
9863,-154.0
9864,-145.0
9865,-142.0
9866,-143.0
9867,-116.0
9868,-145.0
9869,-118.0
9870,-141.0
9871,-114.0
9872,-143.0
9873,-141.0
9874,-116.0
9875,-115.0
9876,-116.0
9877,-114.0
9878,-151.0
9879,-114.0
9880,-115.0
9881,-152.0
9882,-143.0
9883,-115.0
9884,-115.0
9885,-143.0
9886,-142.0
9887,-142.0
9888,-117.0
9889,-116.0
9890,-114.0
9891,-115.0
9892,-143.0
9893,-143.0
9894,-143.0
9895,-143.0
9896,-142.0
9897,-149.0
9898,-149.0
9899,-117.0
9900,-141.0
9901,-115.0
9902,-142.0
9903,-141.0
9904,-114.0
9905,-142.0
9906,-155.0
9907,-145.0
9908,-153.0
9909,-114.0
9910,-114.0
9911,-146.0
9912,-114.0
9913,-141.0
9914,-148.0
9915,-117.0
9916,-141.0
9917,-115.0
9918,-115.0
9919,-153.0
9920,-139.0
9921,-141.0
9922,-113.0
9923,-158.0
9924,-140.0
9925,-151.0
9926,-113.0
9927,-113.0
9928,-113.0
9929,-152.0
9930,-142.0
9931,-144.0
9932,-112.0
9933,-140.0
9934,-142.0
9935,-113.0
9936,-139.0
9937,-141.0
9938,-141.0
9939,-146.0
9940,-139.0
9941,-112.0
9942,-150.0
9943,-113.0
9944,-113.0
9945,-139.0
9946,-115.0
9947,-140.0
9948,-140.0
9949,-145.0
9950,-153.0
9951,-140.0
9952,-147.0
9953,-146.0
9954,-113.0
9955,-113.0
9956,-140.0
9957,-114.0
9958,-140.0
9959,-140.0
9960,-139.0
9961,-139.0
9962,-113.0
9963,-145.0
9964,-114.0
9965,-140.0
9966,-147.0
9967,-140.0
9968,-114.0
9969,-143.0
9970,-142.0
9971,-113.0
9972,-112.0
9973,-146.0
9974,-112.0
9975,-114.0
9976,-114.0
9977,-152.0
9978,-113.0
9979,-139.0
9980,-140.0
9981,-139.0
9982,-140.0
9983,-143.0
9984,-115.0
9985,-113.0
9986,-140.0
9987,-113.0
9988,-138.0
9989,-139.0
9990,-140.0
9991,-147.0
9992,-140.0
9993,-140.0
9994,-113.0
9995,-114.0
9996,-112.0
9997,-150.0
9998,-140.0
9999,-114.0
10000,-113.0
10001,-152.0
10002,-114.0
10003,-139.0
10004,-139.0
10005,-112.0
10006,-113.0
10007,-114.0
10008,-140.0
10009,-113.0
10010,-114.0
10011,-113.0
10012,-113.0
10013,-140.0
10014,-140.0
10015,-113.0
10016,-141.0
10017,-148.0
10018,-114.0
10019,-140.0
10020,-140.0
10021,-114.0
10022,-112.0
10023,-152.0
10024,-113.0
10025,-113.0
10026,-115.0
10027,-113.0
10028,-141.0
10029,-113.0
10030,-113.0
10031,-112.0
10032,-142.0
10033,-142.0
10034,-114.0
10035,-139.0
10036,-139.0
10037,-114.0
10038,-112.0
10039,-148.0
10040,-114.0
10041,-114.0
10042,-114.0
10043,-139.0
10044,-154.0
10045,-153.0
10046,-138.0
10047,-138.0
10048,-113.0
10049,-115.0
10050,-139.0
10051,-140.0
10052,-113.0
10053,-114.0
10054,-149.0
10055,-149.0
10056,-113.0
10057,-115.0
10058,-113.0
10059,-153.0
10060,-114.0
10061,-114.0
10062,-155.0
10063,-153.0
10064,-139.0
10065,-115.0
10066,-142.0
10067,-139.0
10068,-114.0
10069,-112.0
10070,-141.0
10071,-115.0
10072,-141.0
10073,-139.0
10074,-113.0
10075,-139.0
10076,-113.0
10077,-152.0
10078,-113.0
10079,-152.0
10080,-113.0
10081,-115.0
10082,-113.0
10083,-114.0
10084,-115.0
10085,-138.0
10086,-114.0
10087,-140.0
10088,-155.0
10089,-140.0
10090,-113.0
10091,-140.0
10092,-114.0
10093,-114.0
10094,-113.0
10095,-114.0
10096,-113.0
10097,-140.0
10098,-113.0
10099,-113.0
10100,-139.0
10101,-113.0
10102,-148.0
10103,-143.0
10104,-142.0
10105,-140.0
10106,-139.0
10107,-112.0
10108,-139.0
10109,-152.0
10110,-139.0
10111,-113.0
10112,-112.0
10113,-112.0
10114,-143.0
10115,-138.0
10116,-112.0
10117,-114.0
10118,-113.0
10119,-144.0
10120,-114.0
10121,-151.0
10122,-142.0
10123,-139.0
10124,-140.0
10125,-140.0
10126,-115.0
10127,-114.0
10128,-150.0
10129,-116.0
10130,-149.0
10131,-113.0
10132,-113.0
10133,-142.0
10134,-114.0
10135,-114.0
10136,-152.0
10137,-113.0
10138,-139.0
10139,-138.0
10140,-155.0
10141,-113.0
10142,-146.0
10143,-140.0
10144,-114.0
10145,-138.0
10146,-145.0
10147,-115.0
10148,-117.0
10149,-112.0
10150,-142.0
10151,-141.0
10152,-113.0
10153,-114.0
10154,-144.0
10155,-142.0
10156,-113.0
10157,-140.0
10158,-139.0
10159,-140.0
10160,-140.0
10161,-112.0
10162,-113.0
10163,-140.0
10164,-141.0
10165,-113.0
10166,-113.0
10167,-141.0
10168,-151.0
10169,-152.0
10170,-112.0
10171,-140.0
10172,-113.0
10173,-149.0
10174,-114.0
10175,-142.0
10176,-114.0
10177,-140.0
10178,-113.0
10179,-112.0
10180,-113.0
10181,-112.0
10182,-140.0
10183,-154.0
10184,-115.0
10185,-142.0
10186,-147.0
10187,-113.0
10188,-144.0
10189,-141.0
10190,-139.0
10191,-140.0
10192,-139.0
10193,-113.0
10194,-147.0
10195,-114.0
10196,-112.0
10197,-140.0
10198,-113.0
10199,-140.0
10200,-113.0
10201,-140.0
10202,-140.0
10203,-152.0
10204,-125.0
10205,-142.0
10206,-114.0
10207,-113.0
10208,-140.0
10209,-139.0
10210,-113.0
10211,-152.0
10212,-141.0
10213,-140.0
10214,-155.0
10215,-152.0
10216,-146.0
10217,-112.0
10218,-113.0
10219,-141.0
10220,-112.0
10221,-139.0
10222,-113.0
10223,-114.0
10224,-141.0
10225,-113.0
10226,-113.0
10227,-139.0
10228,-115.0
10229,-113.0
10230,-150.0
10231,-141.0
10232,-113.0
10233,-140.0
10234,-139.0
10235,-140.0
10236,-113.0
10237,-144.0
10238,-141.0
10239,-113.0
10240,-112.0
10241,-140.0
10242,-113.0
10243,-113.0
10244,-152.0
10245,-146.0
10246,-113.0
10247,-114.0
10248,-113.0
10249,-151.0
10250,-140.0
10251,-140.0
10252,-141.0
10253,-152.0
10254,-112.0
10255,-114.0
10256,-140.0
10257,-142.0
10258,-144.0
10259,-115.0
10260,-140.0
10261,-139.0
10262,-139.0
10263,-113.0
10264,-141.0
10265,-146.0
10266,-113.0
10267,-145.0
10268,-114.0
10269,-113.0
10270,-114.0
10271,-114.0
10272,-142.0
10273,-140.0
10274,-114.0
10275,-116.0
10276,-114.0
10277,-113.0
10278,-113.0
10279,-113.0
10280,-142.0
10281,-138.0
10282,-140.0
10283,-143.0
10284,-141.0
10285,-114.0
10286,-114.0
10287,-139.0
10288,-113.0
10289,-141.0
10290,-142.0
10291,-141.0
10292,-113.0
10293,-140.0
10294,-151.0
10295,-112.0
10296,-114.0
10297,-141.0
10298,-142.0
10299,-139.0
10300,-115.0
10301,-113.0
10302,-142.0
10303,-140.0
10304,-113.0
10305,-140.0
10306,-113.0
10307,-152.0
10308,-115.0
10309,-115.0
10310,-146.0
10311,-113.0
10312,-153.0
10313,-145.0
10314,-113.0
10315,-114.0
10316,-114.0
10317,-112.0
10318,-146.0
10319,-150.0
10320,-148.0
10321,-115.0
10322,-140.0
10323,-149.0
10324,-113.0
10325,-142.0
10326,-157.0
10327,-139.0
10328,-144.0
10329,-142.0
10330,-143.0
10331,-113.0
10332,-114.0
10333,-151.0
10334,-151.0
10335,-142.0
10336,-168.0
10337,-143.0
10338,-113.0
10339,-113.0
10340,-141.0
10341,-112.0
10342,-152.0
10343,-113.0
10344,-141.0
10345,-114.0
10346,-113.0
10347,-142.0
10348,-140.0
10349,-145.0
10350,-139.0
10351,-113.0
10352,-142.0
10353,-153.0
10354,-139.0
10355,-140.0
10356,-113.0
10357,-113.0
10358,-152.0
10359,-115.0
10360,-140.0
10361,-141.0
10362,-142.0
10363,-114.0
10364,-113.0
10365,-113.0
10366,-113.0
10367,-153.0
10368,-143.0
10369,-142.0
10370,-113.0
10371,-141.0
10372,-142.0
10373,-114.0
10374,-113.0
10375,-115.0
10376,-141.0
10377,-147.0
10378,-113.0
10379,-116.0
10380,-113.0
10381,-113.0
10382,-114.0
10383,-114.0
10384,-143.0
10385,-145.0
10386,-113.0
10387,-112.0
10388,-114.0
10389,-113.0
10390,-149.0
10391,-145.0
10392,-145.0
10393,-143.0
10394,-144.0
10395,-113.0
10396,-147.0
10397,-113.0
10398,-113.0
10399,-114.0
10400,-142.0
10401,-113.0
10402,-114.0
10403,-113.0
10404,-141.0
10405,-143.0
10406,-114.0
10407,-140.0
10408,-144.0
10409,-143.0
10410,-114.0
10411,-143.0
10412,-113.0
10413,-152.0
10414,-154.0
10415,-151.0
10416,-142.0
10417,-113.0
10418,-113.0
10419,-113.0
10420,-112.0
10421,-143.0
10422,-113.0
10423,-112.0
10424,-141.0
10425,-112.0
10426,-141.0
10427,-113.0
10428,-140.0
10429,-153.0
10430,-154.0
10431,-114.0
10432,-141.0
10433,-150.0
10434,-149.0
10435,-147.0
10436,-141.0
10437,-142.0
10438,-145.0
10439,-142.0
10440,-113.0
10441,-139.0
10442,-140.0
10443,-141.0
10444,-140.0
10445,-112.0
10446,-112.0
10447,-145.0
10448,-112.0
10449,-142.0
10450,-114.0
10451,-113.0
10452,-113.0
10453,-139.0
10454,-140.0
10455,-112.0
10456,-113.0
10457,-141.0
10458,-140.0
10459,-113.0
10460,-141.0
10461,-141.0
10462,-113.0
10463,-113.0
10464,-153.0
10465,-112.0
10466,-140.0
10467,-114.0
10468,-113.0
10469,-152.0
10470,-140.0
10471,-114.0
10472,-140.0
10473,-140.0
10474,-115.0
10475,-113.0
10476,-113.0
10477,-142.0
10478,-142.0
10479,-142.0
10480,-113.0
10481,-141.0
10482,-139.0
10483,-154.0
10484,-114.0
10485,-146.0
10486,-149.0
10487,-114.0
10488,-145.0
10489,-113.0
10490,-140.0
10491,-113.0
10492,-114.0
10493,-112.0
10494,-111.0
10495,-113.0
10496,-140.0
10497,-141.0
10498,-116.0
10499,-141.0
10500,-115.0
10501,-114.0
10502,-149.0
10503,-148.0
10504,-152.0
10505,-141.0
10506,-114.0
10507,-152.0
10508,-113.0
10509,-140.0
10510,-143.0
10511,-113.0
10512,-113.0
10513,-115.0
10514,-112.0
10515,-113.0
10516,-143.0
10517,-114.0
10518,-113.0
10519,-140.0
10520,-114.0
10521,-113.0
10522,-114.0
10523,-153.0
10524,-113.0
10525,-144.0
10526,-113.0
10527,-113.0
10528,-149.0
10529,-140.0
10530,-141.0
10531,-113.0
10532,-114.0
10533,-114.0
10534,-113.0
10535,-141.0
10536,-142.0
10537,-146.0
10538,-143.0
10539,-145.0
10540,-115.0
10541,-113.0
10542,-141.0
10543,-141.0
10544,-113.0
10545,-140.0
10546,-141.0
10547,-114.0
10548,-141.0
10549,-142.0
10550,-114.0
10551,-141.0
10552,-146.0
10553,-113.0
10554,-141.0
10555,-115.0
10556,-114.0
10557,-113.0
10558,-141.0
10559,-141.0
10560,-112.0
10561,-115.0
10562,-113.0
10563,-113.0
10564,-112.0
10565,-145.0
10566,-113.0
10567,-120.0
10568,-141.0
10569,-114.0
10570,-114.0
10571,-145.0
10572,-115.0
10573,-114.0
10574,-114.0
10575,-151.0
10576,-141.0
10577,-114.0
10578,-152.0
10579,-142.0
10580,-142.0
10581,-141.0
10582,-141.0
10583,-113.0
10584,-145.0
10585,-142.0
10586,-114.0
10587,-141.0
10588,-115.0
10589,-114.0
10590,-141.0
10591,-148.0
10592,-114.0
10593,-140.0
10594,-146.0
10595,-112.0
10596,-153.0
10597,-142.0
10598,-142.0
10599,-145.0
10600,-147.0
10601,-113.0
10602,-141.0
10603,-142.0
10604,-144.0
10605,-140.0
10606,-146.0
10607,-114.0
10608,-141.0
10609,-140.0
10610,-113.0
10611,-113.0
10612,-143.0
10613,-141.0
10614,-119.0
10615,-149.0
10616,-122.0
10617,-147.0
10618,-118.0
10619,-120.0
10620,-117.0
10621,-149.0
10622,-146.0
10623,-120.0
10624,-157.0
10625,-117.0
10626,-120.0
10627,-153.0
10628,-115.0
10629,-145.0
10630,-117.0
10631,-145.0
10632,-117.0
10633,-153.0
10634,-142.0
10635,-122.0
10636,-122.0
10637,-146.0
10638,-118.0
10639,-155.0
10640,-117.0
10641,-119.0
10642,-145.0
10643,-145.0
10644,-144.0
10645,-118.0
10646,-120.0
10647,-148.0
10648,-143.0
10649,-151.0
10650,-146.0
10651,-150.0
10652,-147.0
10653,-152.0
10654,-142.0
10655,-117.0
10656,-144.0
10657,-145.0
10658,-146.0
10659,-119.0
10660,-142.0
10661,-118.0
10662,-144.0
10663,-116.0
10664,-117.0
10665,-143.0
10666,-142.0
10667,-144.0
10668,-155.0
10669,-122.0
10670,-123.0
10671,-125.0
10672,-148.0
10673,-144.0
10674,-147.0
10675,-117.0
10676,-149.0
10677,-123.0
10678,-116.0
10679,-148.0
10680,-118.0
10681,-149.0
10682,-116.0
10683,-160.0
10684,-120.0
10685,-150.0
10686,-156.0
10687,-147.0
10688,-146.0
10689,-118.0
10690,-150.0
10691,-148.0
10692,-154.0
10693,-116.0
10694,-119.0
10695,-147.0
10696,-156.0
10697,-121.0
10698,-124.0
10699,-132.0
10700,-162.0
10701,-132.0
10702,-123.0
10703,-122.0
10704,-145.0
10705,-149.0
10706,-143.0
10707,-146.0
10708,-151.0
10709,-151.0
10710,-144.0
10711,-117.0
10712,-123.0
10713,-116.0
10714,-150.0
10715,-200.0
10716,-121.0
10717,-116.0
10718,-118.0
10719,-125.0
10720,-119.0
10721,-160.0
10722,-160.0
10723,-123.0
10724,-117.0
10725,-123.0
10726,-161.0
10727,-124.0
10728,-158.0
10729,-158.0
10730,-115.0
10731,-124.0
10732,-145.0
10733,-120.0
10734,-126.0
10735,-149.0
10736,-146.0
10737,-130.0
10738,-157.0
10739,-200.0
10740,-119.0
10741,-156.0
10742,-155.0
10743,-124.0
10744,-150.0
10745,-149.0
10746,-126.0
10747,-156.0
10748,-117.0
10749,-127.0
10750,-122.0
10751,-141.0
10752,-123.0
10753,-127.0
10754,-147.0
10755,-132.0
10756,-121.0
10757,-121.0
10758,-147.0
10759,-153.0
10760,-148.0
10761,-154.0
10762,-147.0
10763,-149.0
10764,-130.0
10765,-152.0
10766,-159.0
10767,-125.0
10768,-152.0
10769,-149.0
10770,-120.0
10771,-150.0
10772,-153.0
10773,-151.0
10774,-149.0
10775,-120.0
10776,-126.0
10777,-120.0
10778,-129.0
10779,-118.0
10780,-121.0
10781,-155.0
10782,-121.0
10783,-125.0
10784,-173.0
10785,-149.0
10786,-153.0
10787,-148.0
10788,-126.0
10789,-149.0
10790,-154.0
10791,-119.0
10792,-123.0
10793,-122.0
10794,-151.0
10795,-153.0
10796,-148.0
10797,-122.0
10798,-129.0
10799,-130.0
10800,-158.0
10801,-127.0
10802,-123.0
10803,-150.0
10804,-161.0
10805,-121.0
10806,-122.0
10807,-118.0
10808,-122.0
10809,-154.0
10810,-161.0
10811,-127.0
10812,-153.0
10813,-155.0
10814,-159.0
10815,-150.0
10816,-149.0
10817,-152.0
10818,-151.0
10819,-159.0
10820,-134.0
10821,-121.0
10822,-159.0
10823,-156.0
10824,-142.0
10825,-162.0
10826,-123.0
10827,-124.0
10828,-118.0
10829,-121.0
10830,-151.0
10831,-154.0
10832,-124.0
10833,-147.0
10834,-148.0
10835,-123.0
10836,-163.0
10837,-118.0
10838,-149.0
10839,-159.0
10840,-121.0
10841,-129.0
10842,-157.0
10843,-154.0
10844,-149.0
10845,-150.0
10846,-144.0
10847,-161.0
10848,-152.0
10849,-127.0
10850,-152.0
10851,-151.0
10852,-153.0
10853,-124.0
10854,-151.0
10855,-152.0
10856,-123.0
10857,-128.0
10858,-118.0
10859,-132.0
10860,-128.0
10861,-124.0
10862,-125.0
10863,-129.0
10864,-162.0
10865,-157.0
10866,-200.0
10867,-145.0
10868,-131.0
10869,-150.0
10870,-149.0
10871,-172.0
10872,-158.0
10873,-156.0
10874,-149.0
10875,-200.0
10876,-157.0
10877,-153.0
10878,-200.0
10879,-151.0
10880,-161.0
10881,-131.0
10882,-150.0
10883,-154.0
10884,-151.0
10885,-138.0
10886,-152.0
10887,-147.0
10888,-121.0
10889,-148.0
10890,-121.0
10891,-120.0
10892,-125.0
10893,-145.0
10894,-125.0
10895,-143.0
10896,-119.0
10897,-125.0
10898,-149.0
10899,-150.0
10900,-126.0
10901,-158.0
10902,-121.0
10903,-119.0
10904,-161.0
10905,-120.0
10906,-120.0
10907,-124.0
10908,-124.0
10909,-154.0
10910,-147.0
10911,-124.0
10912,-123.0
10913,-141.0
10914,-149.0
10915,-148.0
10916,-122.0
10917,-145.0
10918,-147.0
10919,-152.0
10920,-152.0
10921,-138.0
10922,-124.0
10923,-155.0
10924,-129.0
10925,-162.0
10926,-121.0
10927,-150.0
10928,-125.0
10929,-130.0
10930,-148.0
10931,-157.0
10932,-159.0
10933,-149.0
10934,-119.0
10935,-169.0
10936,-200.0
10937,-151.0
10938,-125.0
10939,-124.0
10940,-154.0
10941,-159.0
10942,-161.0
10943,-160.0
10944,-147.0
10945,-129.0
10946,-136.0
10947,-200.0
10948,-128.0
10949,-200.0
10950,-125.0
10951,-164.0
10952,-125.0
10953,-162.0
10954,-152.0
10955,-152.0
10956,-200.0
10957,-162.0
10958,-124.0
10959,-127.0
10960,-145.0
10961,-166.0
10962,-157.0
10963,-130.0
10964,-173.0
10965,-200.0
10966,-151.0
10967,-200.0
10968,-147.0
10969,-200.0
10970,-200.0
10971,-200.0
10972,-200.0
10973,-200.0
10974,-200.0
10975,-133.0
10976,-153.0
10977,-167.0
10978,-125.0
10979,-128.0
10980,-165.0
10981,-127.0
10982,-127.0
10983,-164.0
10984,-161.0
10985,-200.0
10986,-200.0
10987,-140.0
10988,-124.0
10989,-122.0
10990,-200.0
10991,-153.0
10992,-161.0
10993,-154.0
10994,-200.0
10995,-200.0
10996,-200.0
10997,-200.0
10998,-155.0
10999,-200.0
11000,-200.0
11001,-127.0
11002,-200.0
11003,-200.0
11004,-200.0
11005,-200.0
11006,-200.0
11007,-154.0
11008,-200.0
11009,-200.0
11010,-200.0
11011,-200.0
11012,-200.0
11013,-200.0
11014,-200.0
11015,-200.0
11016,-200.0
11017,-200.0
11018,-200.0
11019,-200.0
11020,-200.0
11021,-200.0
11022,-200.0
11023,-200.0
11024,-200.0
11025,-200.0
11026,-200.0
11027,-200.0
11028,-197.0
11029,-200.0
11030,-159.0
11031,-144.0
11032,-200.0
11033,-126.0
11034,-162.0
11035,-157.0
11036,-152.0
11037,-200.0
11038,-168.0
11039,-147.0
11040,-121.0
11041,-200.0
11042,-200.0
11043,-153.0
11044,-200.0
11045,-200.0
11046,-162.0
11047,-200.0
11048,-200.0
11049,-152.0
11050,-200.0
11051,-194.0
11052,-171.0
11053,-200.0
11054,-165.0
11055,-200.0
11056,-200.0
11057,-200.0
11058,-200.0
11059,-200.0
11060,-200.0
11061,-198.0
11062,-171.0
11063,-200.0
11064,-200.0
11065,-191.0
11066,-190.0
11067,-200.0
11068,-200.0
11069,-200.0
11070,-163.0
11071,-193.0
11072,-200.0
11073,-194.0
11074,-200.0
11075,-200.0
11076,-200.0
11077,-134.0
11078,-200.0
11079,-149.0
11080,-200.0
11081,-200.0
11082,-200.0
11083,-135.0
11084,-128.0
11085,-200.0
11086,-200.0
11087,-200.0
11088,-162.0
11089,-200.0
11090,-200.0
11091,-200.0
11092,-122.0
11093,-200.0
11094,-129.0
11095,-129.0
11096,-162.0
11097,-116.0
11098,-124.0
11099,-157.0
11100,-146.0
11101,-143.0
11102,-155.0
11103,-154.0
11104,-144.0
11105,-119.0
11106,-154.0
11107,-125.0
11108,-127.0
11109,-125.0
11110,-120.0
11111,-147.0
11112,-152.0
11113,-121.0
11114,-144.0
11115,-121.0
11116,-116.0
11117,-147.0
11118,-159.0
11119,-118.0
11120,-123.0
11121,-120.0
11122,-123.0
11123,-122.0
11124,-145.0
11125,-120.0
11126,-124.0
11127,-151.0
11128,-146.0
11129,-164.0
11130,-141.0
11131,-159.0
11132,-120.0
11133,-121.0
11134,-122.0
11135,-123.0
11136,-159.0
11137,-143.0
11138,-145.0
11139,-126.0
11140,-148.0
11141,-165.0
11142,-149.0
11143,-149.0
11144,-160.0
11145,-166.0
11146,-148.0
11147,-150.0
11148,-122.0
11149,-119.0
11150,-148.0
11151,-165.0
11152,-124.0
11153,-166.0
11154,-166.0
11155,-154.0
11156,-122.0
11157,-123.0
11158,-124.0
11159,-126.0
11160,-123.0
11161,-154.0
11162,-153.0
11163,-120.0
11164,-150.0
11165,-151.0
11166,-124.0
11167,-121.0
11168,-125.0
11169,-123.0
11170,-156.0
11171,-121.0
11172,-150.0
11173,-127.0
11174,-154.0
11175,-125.0
11176,-124.0
11177,-124.0
11178,-161.0
11179,-124.0
11180,-128.0
11181,-126.0
11182,-123.0
11183,-126.0
11184,-162.0
11185,-125.0
11186,-158.0
11187,-126.0
11188,-121.0
11189,-121.0
11190,-171.0
11191,-151.0
11192,-126.0
11193,-155.0
11194,-121.0
11195,-154.0
11196,-150.0
11197,-148.0
11198,-126.0
11199,-166.0
11200,-121.0
11201,-123.0
11202,-131.0
11203,-151.0
11204,-167.0
11205,-151.0
11206,-154.0
11207,-128.0
11208,-156.0
11209,-126.0
11210,-151.0
11211,-169.0
11212,-159.0
11213,-153.0
11214,-149.0
11215,-154.0
11216,-161.0
11217,-149.0
11218,-122.0
11219,-124.0
11220,-124.0
11221,-127.0
11222,-163.0
11223,-152.0
11224,-131.0
11225,-128.0
11226,-150.0
11227,-193.0
11228,-120.0
11229,-121.0
11230,-120.0
11231,-151.0
11232,-124.0
11233,-128.0
11234,-200.0
11235,-159.0
11236,-174.0
11237,-132.0
11238,-200.0
11239,-200.0
11240,-159.0
11241,-152.0
11242,-157.0
11243,-135.0
11244,-127.0
11245,-165.0
11246,-153.0
11247,-158.0
11248,-120.0
11249,-155.0
11250,-162.0
11251,-122.0
11252,-153.0
11253,-154.0
11254,-126.0
11255,-163.0
11256,-167.0
11257,-128.0
11258,-124.0
11259,-121.0
11260,-200.0
11261,-121.0
11262,-127.0
11263,-200.0
11264,-187.0
11265,-200.0
11266,-154.0
11267,-171.0
11268,-200.0
11269,-200.0
11270,-188.0
11271,-200.0
11272,-187.0
11273,-189.0
11274,-189.0
11275,-185.0
11276,-187.0
11277,-186.0
11278,-200.0
11279,-188.0
11280,-158.0
11281,-186.0
11282,-156.0
11283,-189.0
11284,-159.0
11285,-193.0
11286,-188.0
11287,-182.0
11288,-150.0
11289,-187.0
11290,-157.0
11291,-189.0
11292,-194.0
11293,-190.0
11294,-163.0
11295,-197.0
11296,-193.0
11297,-154.0
11298,-153.0
11299,-156.0
11300,-195.0
11301,-149.0
11302,-153.0
11303,-154.0
11304,-156.0
11305,-160.0
11306,-154.0
11307,-126.0
11308,-148.0
11309,-164.0
11310,-152.0
11311,-188.0
11312,-188.0
11313,-168.0
11314,-191.0
11315,-154.0
11316,-178.0
11317,-152.0
11318,-200.0
11319,-156.0
11320,-150.0
11321,-200.0
11322,-158.0
11323,-200.0
11324,-153.0
11325,-195.0
11326,-155.0
11327,-200.0
11328,-192.0
11329,-192.0
11330,-155.0
11331,-154.0
11332,-162.0
11333,-194.0
11334,-156.0
11335,-171.0
11336,-155.0
11337,-199.0
11338,-192.0
11339,-192.0
11340,-156.0
11341,-159.0
11342,-176.0
11343,-192.0
11344,-190.0
11345,-154.0
11346,-142.0
11347,-146.0
11348,-188.0
11349,-146.0
11350,-172.0
11351,-200.0
11352,-174.0
11353,-155.0
11354,-194.0
11355,-149.0
11356,-154.0
11357,-157.0
11358,-192.0
11359,-192.0
11360,-150.0
11361,-152.0
11362,-158.0
11363,-194.0
11364,-152.0
11365,-157.0
11366,-188.0
11367,-191.0
11368,-155.0
11369,-185.0
11370,-173.0
11371,-190.0
11372,-195.0
11373,-155.0
11374,-161.0
11375,-166.0
11376,-146.0
11377,-152.0
11378,-148.0
11379,-196.0
11380,-162.0
11381,-152.0
11382,-194.0
11383,-160.0
11384,-194.0
11385,-193.0
11386,-195.0
11387,-186.0
11388,-172.0
11389,-166.0
11390,-193.0
11391,-160.0
11392,-159.0
11393,-161.0
11394,-191.0
11395,-186.0
11396,-181.0
11397,-170.0
11398,-160.0
11399,-198.0
11400,-162.0
11401,-161.0
11402,-189.0
11403,-154.0
11404,-193.0
11405,-195.0
11406,-145.0
11407,-200.0
11408,-172.0
11409,-198.0
11410,-153.0
11411,-161.0
11412,-124.0
11413,-167.0
11414,-156.0
11415,-154.0
11416,-167.0
11417,-149.0
11418,-152.0
11419,-151.0
11420,-161.0
11421,-123.0
11422,-130.0
11423,-150.0
11424,-132.0
11425,-158.0
11426,-121.0
11427,-193.0
11428,-155.0
11429,-155.0
11430,-127.0
11431,-154.0
11432,-148.0
11433,-151.0
11434,-136.0
11435,-156.0
11436,-153.0
11437,-122.0
11438,-153.0
11439,-146.0
11440,-123.0
11441,-151.0
11442,-124.0
11443,-125.0
11444,-151.0
11445,-124.0
11446,-124.0
11447,-152.0
11448,-131.0
11449,-124.0
11450,-124.0
11451,-151.0
11452,-154.0
11453,-125.0
11454,-148.0
11455,-149.0
11456,-147.0
11457,-127.0
11458,-122.0
11459,-150.0
11460,-149.0
11461,-122.0
11462,-130.0
11463,-155.0
11464,-128.0
11465,-122.0
11466,-153.0
11467,-124.0
11468,-164.0
11469,-153.0
11470,-160.0
11471,-125.0
11472,-128.0
11473,-125.0
11474,-128.0
11475,-126.0
11476,-130.0
11477,-152.0
11478,-148.0
11479,-129.0
11480,-122.0
11481,-167.0
11482,-155.0
11483,-155.0
11484,-150.0
11485,-150.0
11486,-155.0
11487,-154.0
11488,-146.0
11489,-125.0
11490,-132.0
11491,-150.0
11492,-127.0
11493,-145.0
11494,-147.0
11495,-123.0
11496,-123.0
11497,-150.0
11498,-145.0
11499,-145.0
11500,-158.0
11501,-160.0
11502,-147.0
11503,-123.0
11504,-120.0
11505,-151.0
11506,-118.0
11507,-149.0
11508,-155.0
11509,-119.0
11510,-166.0
11511,-120.0
11512,-116.0
11513,-158.0
11514,-119.0
11515,-161.0
11516,-122.0
11517,-122.0
11518,-154.0
11519,-118.0
11520,-151.0
11521,-123.0
11522,-162.0
11523,-121.0
11524,-120.0
11525,-149.0
11526,-164.0
11527,-120.0
11528,-121.0
11529,-119.0
11530,-153.0
11531,-119.0
11532,-156.0
11533,-133.0
11534,-162.0
11535,-146.0
11536,-143.0
11537,-146.0
11538,-123.0
11539,-119.0
11540,-148.0
11541,-148.0
11542,-126.0
11543,-153.0
11544,-146.0
11545,-124.0
11546,-156.0
11547,-143.0
11548,-121.0
11549,-143.0
11550,-159.0
11551,-120.0
11552,-123.0
11553,-158.0
11554,-118.0
11555,-144.0
11556,-153.0
11557,-126.0
11558,-158.0
11559,-152.0
11560,-119.0
11561,-151.0
11562,-119.0
11563,-118.0
11564,-148.0
11565,-116.0
11566,-151.0
11567,-116.0
11568,-144.0
11569,-142.0
11570,-147.0
11571,-148.0
11572,-148.0
11573,-141.0
11574,-146.0
11575,-152.0
11576,-144.0
11577,-117.0
11578,-149.0
11579,-157.0
11580,-151.0
11581,-118.0
11582,-151.0
11583,-117.0
11584,-157.0
11585,-115.0
11586,-118.0
11587,-186.0
11588,-121.0
11589,-144.0
11590,-119.0
11591,-150.0
11592,-200.0
11593,-154.0
11594,-118.0
11595,-163.0
11596,-200.0
11597,-126.0
11598,-121.0
11599,-155.0
11600,-122.0
11601,-150.0
11602,-150.0
11603,-158.0
11604,-139.0
11605,-116.0
11606,-190.0
11607,-118.0
11608,-163.0
11609,-118.0
11610,-147.0
11611,-161.0
11612,-118.0
11613,-150.0
11614,-142.0
11615,-116.0
11616,-120.0
11617,-197.0
11618,-200.0
11619,-147.0
11620,-200.0
11621,-200.0
11622,-200.0
11623,-187.0
11624,-200.0
11625,-118.0
11626,-146.0
11627,-121.0
11628,-200.0
11629,-126.0
11630,-154.0
11631,-161.0
11632,-145.0
11633,-117.0
11634,-123.0
11635,-190.0
11636,-160.0
11637,-157.0
11638,-147.0
11639,-188.0
11640,-119.0
11641,-200.0
11642,-200.0
11643,-200.0
11644,-121.0
11645,-116.0
11646,-162.0
11647,-156.0
11648,-200.0
11649,-124.0
11650,-118.0
11651,-117.0
11652,-152.0
11653,-154.0
11654,-155.0
11655,-115.0
11656,-200.0
11657,-200.0
11658,-191.0
11659,-116.0
11660,-120.0
11661,-200.0
11662,-188.0
11663,-200.0
11664,-189.0
11665,-200.0
11666,-200.0
11667,-187.0
11668,-157.0
11669,-200.0
11670,-200.0
11671,-154.0
11672,-186.0
11673,-186.0
11674,-200.0
11675,-183.0
11676,-200.0
11677,-200.0
11678,-186.0
11679,-200.0
11680,-200.0
11681,-184.0
11682,-200.0
11683,-200.0
11684,-186.0
11685,-200.0
11686,-200.0
11687,-184.0
11688,-200.0
11689,-200.0
11690,-182.0
11691,-200.0
11692,-200.0
11693,-182.0
11694,-184.0
11695,-200.0
11696,-186.0
11697,-182.0
11698,-200.0
11699,-180.0
11700,-200.0
11701,-200.0
11702,-200.0
11703,-200.0
11704,-182.0
11705,-184.0
11706,-184.0
11707,-183.0
11708,-183.0
11709,-190.0
11710,-200.0
11711,-183.0
11712,-154.0
11713,-183.0
11714,-182.0
11715,-200.0
11716,-181.0
11717,-184.0
11718,-186.0
11719,-184.0
11720,-184.0
11721,-185.0
11722,-193.0
11723,-191.0
11724,-188.0
11725,-190.0
11726,-157.0
11727,-189.0
11728,-200.0
11729,-175.0
11730,-189.0
11731,-192.0
11732,-190.0
11733,-189.0
11734,-190.0
11735,-194.0
11736,-200.0
11737,-188.0
11738,-200.0
11739,-169.0
11740,-186.0
11741,-155.0
11742,-158.0
11743,-156.0
11744,-185.0
11745,-157.0
11746,-194.0
11747,-180.0
11748,-183.0
11749,-200.0
11750,-152.0
11751,-160.0
11752,-161.0
11753,-158.0
11754,-162.0
11755,-120.0
11756,-156.0
11757,-156.0
11758,-114.0
11759,-150.0
11760,-154.0
11761,-150.0
11762,-161.0
11763,-160.0
11764,-189.0
11765,-196.0
11766,-163.0
11767,-184.0
11768,-159.0
11769,-156.0
11770,-156.0
11771,-162.0
11772,-158.0
11773,-166.0
11774,-160.0
11775,-174.0
11776,-153.0
11777,-153.0
11778,-150.0
11779,-150.0
11780,-150.0
11781,-186.0
11782,-148.0
11783,-174.0
11784,-200.0
11785,-161.0
11786,-159.0
11787,-161.0
11788,-160.0
11789,-152.0
11790,-169.0
11791,-155.0
11792,-155.0
11793,-150.0
11794,-117.0
11795,-187.0
11796,-152.0
11797,-151.0
11798,-152.0
11799,-147.0
11800,-157.0
11801,-152.0
11802,-159.0
11803,-186.0
11804,-151.0
11805,-161.0
11806,-145.0
11807,-155.0
11808,-160.0
11809,-158.0
11810,-161.0
11811,-186.0
11812,-159.0
11813,-152.0
11814,-154.0
11815,-156.0
11816,-145.0
11817,-200.0
11818,-150.0
11819,-145.0
11820,-149.0
11821,-160.0
11822,-158.0
11823,-200.0
11824,-146.0
11825,-153.0
11826,-156.0
11827,-144.0
11828,-151.0
11829,-163.0
11830,-144.0
11831,-143.0
11832,-153.0
11833,-160.0
11834,-149.0
11835,-193.0
11836,-200.0
11837,-163.0
11838,-147.0
11839,-146.0
11840,-200.0
11841,-141.0
11842,-146.0
11843,-159.0
11844,-200.0
11845,-161.0
11846,-153.0
11847,-165.0
11848,-198.0
11849,-141.0
11850,-167.0
11851,-150.0
11852,-141.0
11853,-159.0
11854,-163.0
11855,-200.0
11856,-151.0
11857,-165.0
11858,-155.0
11859,-143.0
11860,-166.0
11861,-155.0
11862,-150.0
11863,-196.0
11864,-162.0
11865,-162.0
11866,-194.0
11867,-200.0
11868,-169.0
11869,-172.0
11870,-163.0
11871,-194.0
11872,-141.0
11873,-144.0
11874,-146.0
11875,-164.0
11876,-144.0
11877,-143.0
11878,-152.0
11879,-143.0
11880,-200.0
11881,-196.0
11882,-151.0
11883,-200.0
11884,-165.0
11885,-114.0
11886,-200.0
11887,-162.0
11888,-200.0
11889,-200.0
11890,-160.0
11891,-164.0
11892,-194.0
11893,-154.0
11894,-198.0
11895,-192.0
11896,-164.0
11897,-149.0
11898,-193.0
11899,-149.0
11900,-150.0
11901,-157.0
11902,-164.0
11903,-193.0
11904,-182.0
11905,-152.0
11906,-193.0
11907,-163.0
11908,-163.0
11909,-165.0
11910,-193.0
11911,-192.0
11912,-150.0
11913,-163.0
11914,-162.0
11915,-186.0
11916,-156.0
11917,-162.0
11918,-165.0
11919,-155.0
11920,-166.0
11921,-165.0
11922,-162.0
11923,-159.0
11924,-152.0
11925,-163.0
11926,-165.0
11927,-163.0
11928,-162.0
11929,-200.0
11930,-192.0
11931,-189.0
11932,-186.0
11933,-188.0
11934,-165.0
11935,-164.0
11936,-162.0
11937,-190.0
11938,-152.0
11939,-179.0
11940,-185.0
11941,-152.0
11942,-148.0
11943,-164.0
11944,-162.0
11945,-191.0
11946,-153.0
11947,-185.0
11948,-161.0
11949,-162.0
11950,-147.0
11951,-150.0
11952,-159.0
11953,-186.0
11954,-200.0
11955,-171.0
11956,-148.0
11957,-166.0
11958,-158.0
11959,-153.0
11960,-148.0
11961,-182.0
11962,-148.0
11963,-163.0
11964,-171.0
11965,-177.0
11966,-164.0
11967,-164.0
11968,-164.0
11969,-148.0
11970,-171.0
11971,-194.0
11972,-162.0
11973,-187.0
11974,-161.0
11975,-147.0
11976,-150.0
11977,-186.0
11978,-149.0
11979,-167.0
11980,-181.0
11981,-195.0
11982,-157.0
11983,-164.0
11984,-191.0
11985,-197.0
11986,-194.0
11987,-194.0
11988,-191.0
11989,-164.0
11990,-163.0
11991,-163.0
11992,-187.0
11993,-181.0
11994,-148.0
11995,-147.0
11996,-184.0
11997,-155.0
11998,-176.0
11999,-193.0
12000,-164.0
12001,-182.0
12002,-152.0
12003,-163.0
12004,-159.0
12005,-161.0
12006,-166.0
12007,-161.0
12008,-160.0
12009,-157.0
12010,-151.0
12011,-158.0
12012,-172.0
12013,-157.0
12014,-159.0
12015,-163.0
12016,-150.0
12017,-171.0
12018,-162.0
12019,-160.0
12020,-174.0
12021,-185.0
12022,-180.0
12023,-154.0
12024,-160.0
12025,-185.0
12026,-155.0
12027,-147.0
12028,-180.0
12029,-162.0
12030,-151.0
12031,-183.0
12032,-183.0
12033,-186.0
12034,-160.0
12035,-161.0
12036,-185.0
12037,-188.0
12038,-181.0
12039,-183.0
12040,-162.0
12041,-157.0
12042,-187.0
12043,-160.0
12044,-188.0
12045,-188.0
12046,-173.0
12047,-170.0
12048,-159.0
12049,-173.0
12050,-159.0
12051,-177.0
12052,-179.0
12053,-159.0
12054,-176.0
12055,-166.0
12056,-166.0
12057,-186.0
12058,-159.0
12059,-175.0
12060,-165.0
12061,-181.0
12062,-151.0
12063,-172.0
12064,-152.0
12065,-175.0
12066,-156.0
12067,-148.0
12068,-152.0
12069,-157.0
12070,-156.0
12071,-189.0
12072,-152.0
12073,-161.0
12074,-157.0
12075,-156.0
12076,-177.0
12077,-168.0
12078,-159.0
12079,-150.0
12080,-171.0
12081,-151.0
12082,-175.0
12083,-153.0
12084,-169.0
12085,-167.0
12086,-169.0
12087,-167.0
12088,-153.0
12089,-155.0
12090,-173.0
12091,-154.0
12092,-153.0
12093,-157.0
12094,-152.0
12095,-152.0
12096,-165.0
12097,-148.0
12098,-185.0
12099,-147.0
12100,-158.0
12101,-151.0
12102,-178.0
12103,-150.0
12104,-185.0
12105,-153.0
12106,-180.0
12107,-188.0
12108,-180.0
12109,-156.0
12110,-150.0
12111,-181.0
12112,-180.0
12113,-145.0
12114,-158.0
12115,-159.0
12116,-162.0
12117,-159.0
12118,-180.0
12119,-147.0
12120,-176.0
12121,-152.0
12122,-175.0
12123,-177.0
12124,-178.0
12125,-178.0
12126,-154.0
12127,-186.0
12128,-148.0
12129,-156.0
12130,-156.0
12131,-181.0
12132,-155.0
12133,-186.0
12134,-179.0
12135,-152.0
12136,-164.0
12137,-152.0
12138,-154.0
12139,-154.0
12140,-155.0
12141,-154.0
12142,-148.0
12143,-161.0
12144,-183.0
12145,-194.0
12146,-155.0
12147,-152.0
12148,-164.0
12149,-146.0
12150,-149.0
12151,-153.0
12152,-178.0
12153,-174.0
12154,-149.0
12155,-177.0
12156,-187.0
12157,-152.0
12158,-178.0
12159,-150.0
12160,-152.0
12161,-187.0
12162,-176.0
12163,-163.0
12164,-148.0
12165,-182.0
12166,-176.0
12167,-149.0
12168,-178.0
12169,-180.0
12170,-151.0
12171,-179.0
12172,-161.0
12173,-150.0
12174,-187.0
12175,-184.0
12176,-182.0
12177,-181.0
12178,-154.0
12179,-167.0
12180,-158.0
12181,-164.0
12182,-177.0
12183,-185.0
12184,-182.0
12185,-153.0
12186,-181.0
12187,-195.0
12188,-150.0
12189,-150.0
12190,-151.0
12191,-165.0
12192,-185.0
12193,-155.0
12194,-151.0
12195,-180.0
12196,-188.0
12197,-163.0
12198,-186.0
12199,-153.0
12200,-154.0
12201,-151.0
12202,-187.0
12203,-148.0
12204,-160.0
12205,-152.0
12206,-152.0
12207,-180.0
12208,-149.0
12209,-151.0
12210,-148.0
12211,-182.0
12212,-177.0
12213,-178.0
12214,-179.0
12215,-151.0
12216,-176.0
12217,-149.0
12218,-173.0
12219,-188.0
12220,-153.0
12221,-180.0
12222,-181.0
12223,-150.0
12224,-182.0
12225,-156.0
12226,-153.0
12227,-152.0
12228,-131.0
12229,-150.0
12230,-149.0
12231,-185.0
12232,-177.0
12233,-147.0
12234,-148.0
12235,-180.0
12236,-179.0
12237,-182.0
12238,-180.0
12239,-153.0
12240,-150.0
12241,-180.0
12242,-184.0
12243,-154.0
12244,-154.0
12245,-181.0
12246,-187.0
12247,-157.0
12248,-151.0
12249,-148.0
12250,-159.0
12251,-153.0
12252,-183.0
12253,-153.0
12254,-192.0
12255,-157.0
12256,-153.0
12257,-187.0
12258,-184.0
12259,-150.0
12260,-183.0
12261,-150.0
12262,-186.0
12263,-175.0
12264,-160.0
12265,-194.0
12266,-148.0
12267,-148.0
12268,-151.0
12269,-191.0
12270,-194.0
12271,-161.0
12272,-149.0
12273,-192.0
12274,-151.0
12275,-148.0
12276,-151.0
12277,-153.0
12278,-189.0
12279,-194.0
12280,-195.0
12281,-150.0
12282,-148.0
12283,-185.0
12284,-150.0
12285,-152.0
12286,-149.0
12287,-190.0
12288,-196.0
12289,-150.0
12290,-183.0
12291,-152.0
12292,-154.0
12293,-148.0
12294,-192.0
12295,-196.0
12296,-196.0
12297,-151.0
12298,-153.0
12299,-198.0
12300,-200.0
12301,-193.0
12302,-151.0
12303,-199.0
12304,-129.0
12305,-157.0
12306,-134.0
12307,-150.0
12308,-196.0
12309,-200.0
12310,-192.0
12311,-155.0
12312,-153.0
12313,-189.0
12314,-160.0
12315,-198.0
12316,-147.0
12317,-151.0
12318,-151.0
12319,-151.0
12320,-147.0
12321,-200.0
12322,-151.0
12323,-147.0
12324,-200.0
12325,-152.0
12326,-151.0
12327,-147.0
12328,-150.0
12329,-126.0
12330,-150.0
12331,-156.0
12332,-156.0
12333,-159.0
12334,-193.0
12335,-158.0
12336,-155.0
12337,-154.0
12338,-149.0
12339,-152.0
12340,-150.0
12341,-151.0
12342,-147.0
12343,-200.0
12344,-153.0
12345,-197.0
12346,-157.0
12347,-158.0
12348,-154.0
12349,-162.0
12350,-157.0
12351,-200.0
12352,-157.0
12353,-157.0
12354,-152.0
12355,-126.0
12356,-147.0
12357,-160.0
12358,-137.0
12359,-128.0
12360,-136.0
12361,-155.0
12362,-158.0
12363,-163.0
12364,-158.0
12365,-192.0
12366,-199.0
12367,-158.0
12368,-194.0
12369,-200.0
12370,-200.0
12371,-146.0
12372,-139.0
12373,-195.0
12374,-139.0
12375,-149.0
12376,-159.0
12377,-152.0
12378,-137.0
12379,-159.0
12380,-163.0
12381,-152.0
12382,-155.0
12383,-160.0
12384,-200.0
12385,-161.0
12386,-198.0
12387,-151.0
12388,-151.0
12389,-157.0
12390,-142.0
12391,-152.0
12392,-135.0
12393,-162.0
12394,-156.0
12395,-159.0
12396,-148.0
12397,-198.0
12398,-154.0
12399,-153.0
12400,-188.0
12401,-154.0
12402,-189.0
12403,-136.0
12404,-152.0
12405,-148.0
12406,-148.0
12407,-157.0
12408,-151.0
12409,-153.0
12410,-155.0
12411,-161.0
12412,-152.0
12413,-152.0
12414,-151.0
12415,-196.0
12416,-200.0
12417,-200.0
12418,-191.0
12419,-196.0
12420,-200.0
12421,-157.0
12422,-189.0
12423,-156.0
12424,-152.0
12425,-150.0
12426,-194.0
12427,-150.0
12428,-147.0
12429,-143.0
12430,-156.0
12431,-189.0
12432,-148.0
12433,-163.0
12434,-149.0
12435,-150.0
12436,-156.0
12437,-148.0
12438,-149.0
12439,-148.0
12440,-147.0
12441,-128.0
12442,-132.0
12443,-161.0
12444,-200.0
12445,-149.0
12446,-198.0
12447,-148.0
12448,-186.0
12449,-196.0
12450,-191.0
12451,-197.0
12452,-161.0
12453,-148.0
12454,-149.0
12455,-188.0
12456,-157.0
12457,-151.0
12458,-150.0
12459,-185.0
12460,-152.0
12461,-148.0
12462,-150.0
12463,-159.0
12464,-153.0
12465,-147.0
12466,-200.0
12467,-154.0
12468,-150.0
12469,-151.0
12470,-134.0
12471,-152.0
12472,-158.0
12473,-153.0
12474,-147.0
12475,-197.0
12476,-189.0
12477,-158.0
12478,-148.0
12479,-153.0
12480,-133.0
12481,-162.0
12482,-186.0
12483,-142.0
12484,-155.0
12485,-147.0
12486,-157.0
12487,-129.0
12488,-183.0
12489,-158.0
12490,-152.0
12491,-152.0
12492,-187.0
12493,-152.0
12494,-188.0
12495,-200.0
12496,-147.0
12497,-184.0
12498,-187.0
12499,-147.0
12500,-151.0
12501,-156.0
12502,-146.0
12503,-147.0
12504,-133.0
12505,-194.0
12506,-152.0
12507,-149.0
12508,-151.0
12509,-128.0
12510,-142.0
12511,-154.0
12512,-200.0
12513,-150.0
12514,-162.0
12515,-156.0
12516,-191.0
12517,-152.0
12518,-150.0
12519,-145.0
12520,-150.0
12521,-186.0
12522,-151.0
12523,-146.0
12524,-161.0
12525,-136.0
12526,-140.0
12527,-151.0
12528,-142.0
12529,-164.0
12530,-147.0
12531,-128.0
12532,-151.0
12533,-128.0
12534,-149.0
12535,-150.0
12536,-157.0
12537,-150.0
12538,-147.0
12539,-127.0
12540,-199.0
12541,-152.0
12542,-148.0
12543,-147.0
12544,-148.0
12545,-187.0
12546,-159.0
12547,-148.0
12548,-138.0
12549,-150.0
12550,-137.0
12551,-148.0
12552,-150.0
12553,-157.0
12554,-161.0
12555,-184.0
12556,-184.0
12557,-200.0
12558,-191.0
12559,-147.0
12560,-189.0
12561,-155.0
12562,-158.0
12563,-151.0
12564,-157.0
12565,-188.0
12566,-149.0
12567,-186.0
12568,-150.0
12569,-130.0
12570,-200.0
12571,-139.0
12572,-158.0
12573,-150.0
12574,-187.0
12575,-151.0
12576,-149.0
12577,-147.0
12578,-148.0
12579,-149.0
12580,-188.0
12581,-185.0
12582,-148.0
12583,-150.0
12584,-150.0
12585,-154.0
12586,-151.0
12587,-154.0
12588,-151.0
12589,-150.0
12590,-200.0
12591,-162.0
12592,-199.0
12593,-147.0
12594,-159.0
12595,-149.0
12596,-159.0
12597,-188.0
12598,-151.0
12599,-151.0
12600,-147.0
12601,-149.0
12602,-154.0
12603,-151.0
12604,-148.0
12605,-158.0
12606,-190.0
12607,-200.0
12608,-189.0
12609,-160.0
12610,-189.0
12611,-187.0
12612,-146.0
12613,-161.0
12614,-150.0
12615,-150.0
12616,-148.0
12617,-187.0
12618,-161.0
12619,-150.0
12620,-151.0
12621,-190.0
12622,-186.0
12623,-149.0
12624,-153.0
12625,-185.0
12626,-187.0
12627,-150.0
12628,-148.0
12629,-158.0
12630,-149.0
12631,-149.0
12632,-188.0
12633,-148.0
12634,-147.0
12635,-156.0
12636,-158.0
12637,-155.0
12638,-195.0
12639,-148.0
12640,-161.0
12641,-190.0
12642,-150.0
12643,-189.0
12644,-134.0
12645,-191.0
12646,-200.0
12647,-161.0
12648,-160.0
12649,-198.0
12650,-195.0
12651,-157.0
12652,-196.0
12653,-172.0
12654,-174.0
12655,-148.0
12656,-192.0
12657,-146.0
12658,-143.0
12659,-125.0
12660,-125.0
12661,-151.0
12662,-151.0
12663,-125.0
12664,-148.0
12665,-128.0
12666,-147.0
12667,-144.0
12668,-151.0
12669,-150.0
12670,-129.0
12671,-144.0
12672,-122.0
12673,-149.0
12674,-150.0
12675,-124.0
12676,-192.0
12677,-151.0
12678,-149.0
12679,-146.0
12680,-194.0
12681,-185.0
12682,-160.0
12683,-150.0
12684,-148.0
12685,-126.0
12686,-154.0
12687,-157.0
12688,-149.0
12689,-147.0
12690,-161.0
12691,-148.0
12692,-147.0
12693,-146.0
12694,-162.0
12695,-148.0
12696,-111.0
12697,-165.0
12698,-151.0
12699,-118.0
12700,-139.0
12701,-160.0
12702,-168.0
12703,-150.0
12704,-199.0
12705,-144.0
12706,-182.0
12707,-174.0
12708,-150.0
12709,-123.0
12710,-153.0
12711,-157.0
12712,-163.0
12713,-147.0
12714,-133.0
12715,-178.0
12716,-174.0
12717,-149.0
12718,-128.0
12719,-158.0
12720,-180.0
12721,-182.0
12722,-148.0
12723,-157.0
12724,-150.0
12725,-174.0
12726,-190.0
12727,-197.0
12728,-186.0
12729,-144.0
12730,-146.0
12731,-190.0
12732,-164.0
12733,-181.0
12734,-151.0
12735,-179.0
12736,-141.0
12737,-146.0
12738,-196.0
12739,-145.0
12740,-147.0
12741,-178.0
12742,-180.0
12743,-153.0
12744,-147.0
12745,-173.0
12746,-165.0
12747,-150.0
12748,-169.0
12749,-149.0
12750,-175.0
12751,-148.0
12752,-156.0
12753,-152.0
12754,-158.0
12755,-173.0
12756,-145.0
12757,-149.0
12758,-172.0
12759,-158.0
12760,-145.0
12761,-146.0
12762,-150.0
12763,-159.0
12764,-162.0
12765,-164.0
12766,-144.0
12767,-167.0
12768,-172.0
12769,-155.0
12770,-175.0
12771,-144.0
12772,-161.0
12773,-150.0
12774,-152.0
12775,-156.0
12776,-145.0
12777,-146.0
12778,-147.0
12779,-174.0
12780,-173.0
12781,-146.0
12782,-150.0
12783,-169.0
12784,-148.0
12785,-159.0
12786,-145.0
12787,-143.0
12788,-168.0
12789,-146.0
12790,-149.0
12791,-174.0
12792,-146.0
12793,-149.0
12794,-163.0
12795,-167.0
12796,-169.0
12797,-143.0
12798,-146.0
12799,-169.0
12800,-146.0
12801,-145.0
12802,-160.0
12803,-159.0
12804,-168.0
12805,-168.0
12806,-155.0
12807,-147.0
12808,-166.0
12809,-150.0
12810,-149.0
12811,-162.0
12812,-167.0
12813,-160.0
12814,-149.0
12815,-151.0
12816,-151.0
12817,-152.0
12818,-144.0
12819,-151.0
12820,-181.0
12821,-150.0
12822,-151.0
12823,-143.0
12824,-145.0
12825,-158.0
12826,-155.0
12827,-147.0
12828,-164.0
12829,-146.0
12830,-148.0
12831,-154.0
12832,-179.0
12833,-153.0
12834,-174.0
12835,-151.0
12836,-151.0
12837,-144.0
12838,-144.0
12839,-200.0
12840,-147.0
12841,-142.0
12842,-146.0
12843,-200.0
12844,-158.0
12845,-162.0
12846,-164.0
12847,-143.0
12848,-177.0
12849,-146.0
12850,-151.0
12851,-148.0
12852,-163.0
12853,-144.0
12854,-155.0
12855,-147.0
12856,-145.0
12857,-145.0
12858,-200.0
12859,-147.0
12860,-147.0
12861,-144.0
12862,-144.0
12863,-146.0
12864,-146.0
12865,-149.0
12866,-150.0
12867,-147.0
12868,-146.0
12869,-154.0
12870,-151.0
12871,-147.0
12872,-153.0
12873,-157.0
12874,-156.0
12875,-151.0
12876,-149.0
12877,-151.0
12878,-200.0
12879,-150.0
12880,-152.0
12881,-148.0
12882,-180.0
12883,-179.0
12884,-191.0
12885,-153.0
12886,-150.0
12887,-152.0
12888,-160.0
12889,-164.0
12890,-188.0
12891,-157.0
12892,-166.0
12893,-158.0
12894,-148.0
12895,-154.0
12896,-154.0
12897,-163.0
12898,-182.0
12899,-154.0
12900,-162.0
12901,-150.0
12902,-162.0
12903,-200.0
12904,-159.0
12905,-152.0
12906,-184.0
12907,-166.0
12908,-200.0
12909,-186.0
12910,-163.0
12911,-150.0
12912,-164.0
12913,-183.0
12914,-181.0
12915,-181.0
12916,-180.0
12917,-182.0
12918,-196.0
12919,-178.0
12920,-156.0
12921,-191.0
12922,-157.0
12923,-152.0
12924,-184.0
12925,-181.0
12926,-194.0
12927,-135.0
12928,-150.0
12929,-153.0
12930,-153.0
12931,-128.0
12932,-162.0
12933,-135.0
12934,-158.0
12935,-135.0
12936,-147.0
12937,-153.0
12938,-144.0
12939,-150.0
12940,-150.0
12941,-200.0
12942,-146.0
12943,-152.0
12944,-138.0
12945,-149.0
12946,-182.0
12947,-146.0
12948,-200.0
12949,-139.0
12950,-193.0
12951,-193.0
12952,-153.0
12953,-152.0
12954,-148.0
12955,-159.0
12956,-186.0
12957,-134.0
12958,-154.0
12959,-200.0
12960,-159.0
12961,-147.0
12962,-194.0
12963,-146.0
12964,-146.0
12965,-148.0
12966,-192.0
12967,-151.0
12968,-150.0
12969,-150.0
12970,-146.0
12971,-148.0
12972,-147.0
12973,-143.0
12974,-152.0
12975,-162.0
12976,-145.0
12977,-133.0
12978,-195.0
12979,-167.0
12980,-150.0
12981,-190.0
12982,-200.0
12983,-200.0
12984,-140.0
12985,-200.0
12986,-193.0
12987,-185.0
12988,-157.0
12989,-148.0
12990,-150.0
12991,-149.0
12992,-188.0
12993,-149.0
12994,-154.0
12995,-186.0
12996,-154.0
12997,-146.0
12998,-160.0
12999,-135.0
13000,-188.0
13001,-147.0
13002,-139.0
13003,-200.0
13004,-200.0
13005,-200.0
13006,-152.0
13007,-131.0
13008,-191.0
13009,-150.0
13010,-172.0
13011,-200.0
13012,-173.0
13013,-196.0
13014,-131.0
13015,-144.0
13016,-136.0
13017,-154.0
13018,-129.0
13019,-156.0
13020,-161.0
13021,-156.0
13022,-156.0
13023,-156.0
13024,-149.0
13025,-132.0
13026,-155.0
13027,-129.0
13028,-137.0
13029,-150.0
13030,-153.0
13031,-183.0
13032,-131.0
13033,-149.0
13034,-130.0
13035,-153.0
13036,-131.0
13037,-180.0
13038,-159.0
13039,-155.0
13040,-164.0
13041,-128.0
13042,-129.0
13043,-156.0
13044,-166.0
13045,-155.0
13046,-128.0
13047,-156.0
13048,-169.0
13049,-154.0
13050,-152.0
13051,-149.0
13052,-140.0
13053,-174.0
13054,-165.0
13055,-128.0
13056,-154.0
13057,-165.0
13058,-128.0
13059,-155.0
13060,-183.0
13061,-131.0
13062,-124.0
13063,-127.0
13064,-127.0
13065,-150.0
13066,-130.0
13067,-159.0
13068,-133.0
13069,-126.0
13070,-154.0
13071,-145.0
13072,-149.0
13073,-167.0
13074,-157.0
13075,-159.0
13076,-159.0
13077,-133.0
13078,-154.0
13079,-129.0
13080,-132.0
13081,-133.0
13082,-185.0
13083,-129.0
13084,-200.0
13085,-158.0
13086,-151.0
13087,-169.0
13088,-155.0
13089,-146.0
13090,-137.0
13091,-160.0
13092,-134.0
13093,-142.0
13094,-129.0
13095,-130.0
13096,-130.0
13097,-153.0
13098,-171.0
13099,-147.0
13100,-157.0
13101,-145.0
13102,-153.0
13103,-168.0
13104,-159.0
13105,-148.0
13106,-148.0
13107,-133.0
13108,-143.0
13109,-170.0
13110,-152.0
13111,-127.0
13112,-157.0
13113,-164.0
13114,-182.0
13115,-138.0
13116,-166.0
13117,-131.0
13118,-152.0
13119,-150.0
13120,-151.0
13121,-150.0
13122,-145.0
13123,-153.0
13124,-130.0
13125,-129.0
13126,-126.0
13127,-135.0
13128,-129.0
13129,-149.0
13130,-154.0
13131,-148.0
13132,-200.0
13133,-150.0
13134,-126.0
13135,-129.0
13136,-133.0
13137,-129.0
13138,-131.0
13139,-152.0
13140,-126.0
13141,-131.0
13142,-142.0
13143,-153.0
13144,-153.0
13145,-139.0
13146,-133.0
13147,-140.0
13148,-134.0
13149,-153.0
13150,-157.0
13151,-170.0
13152,-154.0
13153,-154.0
13154,-156.0
13155,-200.0
13156,-186.0
13157,-151.0
13158,-155.0
13159,-130.0
13160,-151.0
13161,-156.0
13162,-154.0
13163,-131.0
13164,-137.0
13165,-150.0
13166,-172.0
13167,-171.0
13168,-189.0
13169,-158.0
13170,-126.0
13171,-191.0
13172,-165.0
13173,-156.0
13174,-180.0
13175,-160.0
13176,-149.0
13177,-150.0
13178,-178.0
13179,-154.0
13180,-152.0
13181,-156.0
13182,-180.0
13183,-181.0
13184,-150.0
13185,-153.0
13186,-153.0
13187,-154.0
13188,-151.0
13189,-200.0
13190,-147.0
13191,-146.0
13192,-145.0
13193,-200.0
13194,-200.0
13195,-170.0
13196,-143.0
13197,-142.0
13198,-142.0
13199,-150.0
13200,-188.0
13201,-149.0
13202,-150.0
13203,-200.0
13204,-200.0
13205,-185.0
13206,-150.0
13207,-142.0
13208,-200.0
13209,-142.0
13210,-138.0
13211,-178.0
13212,-200.0
13213,-197.0
13214,-152.0
13215,-145.0
13216,-158.0
13217,-146.0
13218,-127.0
13219,-151.0
13220,-150.0
13221,-148.0
13222,-194.0
13223,-128.0
13224,-148.0
13225,-147.0
13226,-148.0
13227,-153.0
13228,-191.0
13229,-153.0
13230,-152.0
13231,-149.0
13232,-200.0
13233,-149.0
13234,-190.0
13235,-139.0
13236,-200.0
13237,-190.0
13238,-166.0
13239,-146.0
13240,-140.0
13241,-200.0
13242,-137.0
13243,-194.0
13244,-133.0
13245,-159.0
13246,-145.0
13247,-163.0
13248,-148.0
13249,-132.0
13250,-188.0
13251,-130.0
13252,-152.0
13253,-142.0
13254,-196.0
13255,-194.0
13256,-153.0
13257,-187.0
13258,-139.0
13259,-168.0
13260,-154.0
13261,-183.0
13262,-135.0
13263,-126.0
13264,-175.0
13265,-131.0
13266,-200.0
13267,-152.0
13268,-130.0
13269,-149.0
13270,-145.0
13271,-179.0
13272,-145.0
13273,-172.0
13274,-150.0
13275,-152.0
13276,-187.0
13277,-178.0
13278,-143.0
13279,-200.0
13280,-145.0
13281,-155.0
13282,-155.0
13283,-189.0
13284,-159.0
13285,-189.0
13286,-154.0
13287,-190.0
13288,-153.0
13289,-189.0
13290,-158.0
13291,-189.0
13292,-161.0
13293,-187.0
13294,-170.0
13295,-143.0
13296,-150.0
13297,-145.0
13298,-159.0
13299,-200.0
13300,-157.0
13301,-161.0
13302,-148.0
13303,-183.0
13304,-153.0
13305,-187.0
13306,-195.0
13307,-155.0
13308,-186.0
13309,-190.0
13310,-200.0
13311,-155.0
13312,-152.0
13313,-200.0
13314,-152.0
13315,-196.0
13316,-200.0
13317,-164.0
13318,-198.0
13319,-163.0
13320,-149.0
13321,-153.0
13322,-184.0
13323,-172.0
13324,-149.0
13325,-182.0
13326,-182.0
13327,-153.0
13328,-153.0
13329,-177.0
13330,-180.0
13331,-174.0
13332,-151.0
13333,-172.0
13334,-150.0
13335,-164.0
13336,-151.0
13337,-178.0
13338,-153.0
13339,-170.0
13340,-149.0
13341,-180.0
13342,-151.0
13343,-149.0
13344,-159.0
13345,-152.0
13346,-178.0
13347,-151.0
13348,-150.0
13349,-180.0
13350,-182.0
13351,-151.0
13352,-183.0
13353,-180.0
13354,-187.0
13355,-150.0
13356,-152.0
13357,-179.0
13358,-150.0
13359,-184.0
13360,-149.0
13361,-183.0
13362,-160.0
13363,-150.0
13364,-156.0
13365,-151.0
13366,-167.0
13367,-183.0
13368,-150.0
13369,-161.0
13370,-155.0
13371,-182.0
13372,-150.0
13373,-157.0
13374,-166.0
13375,-180.0
13376,-151.0
13377,-159.0
13378,-187.0
13379,-151.0
13380,-149.0
13381,-161.0
13382,-151.0
13383,-149.0
13384,-189.0
13385,-165.0
13386,-150.0
13387,-151.0
13388,-162.0
13389,-187.0
13390,-187.0
13391,-151.0
13392,-155.0
13393,-153.0
13394,-156.0
13395,-184.0
13396,-149.0
13397,-152.0
13398,-152.0
13399,-154.0
13400,-190.0
13401,-150.0
13402,-187.0
13403,-187.0
13404,-200.0
13405,-189.0
13406,-152.0
13407,-150.0
13408,-188.0
13409,-151.0
13410,-152.0
13411,-196.0
13412,-163.0
13413,-200.0
13414,-200.0
13415,-155.0
13416,-198.0
13417,-200.0
13418,-196.0
13419,-195.0
13420,-152.0
13421,-149.0
13422,-197.0
13423,-200.0
13424,-148.0
13425,-190.0
13426,-185.0
13427,-196.0
13428,-196.0
13429,-149.0
13430,-151.0
13431,-158.0
13432,-200.0
13433,-163.0
13434,-199.0
13435,-149.0
13436,-190.0
13437,-161.0
13438,-161.0
13439,-191.0
13440,-193.0
13441,-149.0
13442,-159.0
13443,-151.0
13444,-161.0
13445,-200.0
13446,-182.0
13447,-150.0
13448,-150.0
13449,-182.0
13450,-150.0
13451,-187.0
13452,-149.0
13453,-151.0
13454,-150.0
13455,-149.0
13456,-142.0
13457,-200.0
13458,-157.0
13459,-164.0
13460,-149.0
13461,-200.0
13462,-149.0
13463,-151.0
13464,-132.0
13465,-188.0
13466,-134.0
13467,-150.0
13468,-149.0
13469,-129.0
13470,-157.0
13471,-200.0
13472,-149.0
13473,-150.0
13474,-135.0
13475,-200.0
13476,-150.0
13477,-130.0
13478,-131.0
13479,-165.0
13480,-161.0
13481,-194.0
13482,-172.0
13483,-136.0
13484,-127.0
13485,-154.0
13486,-134.0
13487,-152.0
13488,-193.0
13489,-149.0
13490,-152.0
13491,-150.0
13492,-183.0
13493,-163.0
13494,-164.0
13495,-153.0
13496,-152.0
13497,-169.0
13498,-150.0
13499,-181.0
13500,-153.0
13501,-151.0
13502,-138.0
13503,-162.0
13504,-160.0
13505,-156.0
13506,-127.0
13507,-174.0
13508,-150.0
13509,-151.0
13510,-191.0
13511,-150.0
13512,-152.0
13513,-141.0
13514,-142.0
13515,-182.0
13516,-150.0
13517,-183.0
13518,-154.0
13519,-171.0
13520,-151.0
13521,-150.0
13522,-170.0
13523,-150.0
13524,-154.0
13525,-172.0
13526,-151.0
13527,-150.0
13528,-150.0
13529,-153.0
13530,-150.0
13531,-176.0
13532,-159.0
13533,-178.0
13534,-148.0
13535,-152.0
13536,-165.0
13537,-155.0
13538,-148.0
13539,-177.0
13540,-173.0
13541,-150.0
13542,-182.0
13543,-172.0
13544,-162.0
13545,-174.0
13546,-151.0
13547,-176.0
13548,-173.0
13549,-169.0
13550,-170.0
13551,-178.0
13552,-151.0
13553,-149.0
13554,-169.0
13555,-151.0
13556,-148.0
13557,-172.0
13558,-152.0
13559,-168.0
13560,-177.0
13561,-151.0
13562,-176.0
13563,-176.0
13564,-154.0
13565,-175.0
13566,-154.0
13567,-171.0
13568,-175.0
13569,-152.0
13570,-153.0
13571,-168.0
13572,-154.0
13573,-163.0
13574,-171.0
13575,-153.0
13576,-153.0
13577,-175.0
13578,-174.0
13579,-154.0
13580,-152.0
13581,-153.0
13582,-153.0
13583,-153.0
13584,-167.0
13585,-152.0
13586,-170.0
13587,-172.0
13588,-173.0
13589,-169.0
13590,-169.0
13591,-154.0
13592,-152.0
13593,-166.0
13594,-200.0
13595,-200.0
13596,-200.0
13597,-200.0
13598,-200.0
13599,-155.0
13600,-151.0
13601,-172.0
13602,-150.0
13603,-170.0
13604,-186.0
13605,-200.0
13606,-164.0
13607,-161.0
13608,-192.0
13609,-186.0
13610,-152.0
13611,-184.0
13612,-165.0
13613,-158.0
13614,-174.0
13615,-161.0
13616,-181.0
13617,-183.0
13618,-151.0
13619,-150.0
13620,-179.0
13621,-150.0
13622,-177.0
13623,-183.0
13624,-176.0
13625,-165.0
13626,-174.0
13627,-152.0
13628,-162.0
13629,-157.0
13630,-169.0
13631,-170.0
13632,-151.0
13633,-171.0
13634,-148.0
13635,-151.0
13636,-159.0
13637,-152.0
13638,-152.0
13639,-160.0
13640,-184.0
13641,-183.0
13642,-168.0
13643,-159.0
13644,-157.0
13645,-152.0
13646,-151.0
13647,-150.0
13648,-179.0
13649,-169.0
13650,-152.0
13651,-150.0
13652,-161.0
13653,-147.0
13654,-171.0
13655,-177.0
13656,-150.0
13657,-168.0
13658,-149.0
13659,-167.0
13660,-144.0
13661,-147.0
13662,-160.0
13663,-155.0
13664,-165.0
13665,-163.0
13666,-161.0
13667,-143.0
13668,-162.0
13669,-146.0
13670,-169.0
13671,-200.0
13672,-164.0
13673,-145.0
13674,-150.0
13675,-144.0
13676,-156.0
13677,-145.0
13678,-162.0
13679,-176.0
13680,-147.0
13681,-168.0
13682,-152.0
13683,-144.0
13684,-161.0
13685,-157.0
13686,-146.0
13687,-158.0
13688,-148.0
13689,-164.0
13690,-146.0
13691,-171.0
13692,-164.0
13693,-145.0
13694,-144.0
13695,-146.0
13696,-167.0
13697,-146.0
13698,-147.0
13699,-180.0
13700,-147.0
13701,-148.0
13702,-146.0
13703,-159.0
13704,-147.0
13705,-180.0
13706,-181.0
13707,-159.0
13708,-168.0
13709,-146.0
13710,-150.0
13711,-171.0
13712,-146.0
13713,-148.0
13714,-171.0
13715,-147.0
13716,-171.0
13717,-150.0
13718,-150.0
13719,-161.0
13720,-151.0
13721,-160.0
13722,-150.0
13723,-168.0
13724,-145.0
13725,-164.0
13726,-172.0
13727,-160.0
13728,-160.0
13729,-161.0
13730,-145.0
13731,-148.0
13732,-173.0
13733,-180.0
13734,-159.0
13735,-148.0
13736,-150.0
13737,-148.0
13738,-164.0
13739,-151.0
13740,-152.0
13741,-169.0
13742,-159.0
13743,-150.0
13744,-175.0
13745,-176.0
13746,-160.0
13747,-181.0
13748,-145.0
13749,-165.0
13750,-144.0
13751,-142.0
13752,-171.0
13753,-142.0
13754,-153.0
13755,-156.0
13756,-200.0
13757,-148.0
13758,-142.0
13759,-149.0
13760,-143.0
13761,-160.0
13762,-146.0
13763,-160.0
13764,-169.0
13765,-180.0
13766,-142.0
13767,-178.0
13768,-174.0
13769,-178.0
13770,-147.0
13771,-145.0
13772,-151.0
13773,-145.0
13774,-141.0
13775,-152.0
13776,-176.0
13777,-146.0
13778,-145.0
13779,-142.0
13780,-141.0
13781,-181.0
13782,-151.0
13783,-182.0
13784,-191.0
13785,-191.0
13786,-183.0
13787,-194.0
13788,-189.0
13789,-141.0
13790,-193.0
13791,-189.0
13792,-142.0
13793,-197.0
13794,-187.0
13795,-145.0
13796,-139.0
13797,-149.0
13798,-184.0
13799,-184.0
13800,-140.0
13801,-147.0
13802,-191.0
13803,-190.0
13804,-149.0
13805,-150.0
13806,-185.0
13807,-190.0
13808,-149.0
13809,-143.0
13810,-192.0
13811,-149.0
13812,-188.0
13813,-186.0
13814,-140.0
13815,-143.0
13816,-188.0
13817,-151.0
13818,-187.0
13819,-143.0
13820,-141.0
13821,-189.0
13822,-190.0
13823,-195.0
13824,-191.0
13825,-189.0
13826,-196.0
13827,-187.0
13828,-147.0
13829,-191.0
13830,-140.0
13831,-190.0
13832,-189.0
13833,-195.0
13834,-141.0
13835,-191.0
13836,-196.0
13837,-188.0
13838,-142.0
13839,-154.0
13840,-153.0
13841,-141.0
13842,-141.0
13843,-192.0
13844,-140.0
13845,-186.0
13846,-192.0
13847,-141.0
13848,-155.0
13849,-140.0
13850,-141.0
13851,-145.0
13852,-144.0
13853,-191.0
13854,-144.0
13855,-190.0
13856,-194.0
13857,-142.0
13858,-144.0
13859,-197.0
13860,-189.0
13861,-142.0
13862,-188.0
13863,-181.0
13864,-184.0
13865,-183.0
13866,-183.0
13867,-181.0
13868,-141.0
13869,-152.0
13870,-185.0
13871,-143.0
13872,-183.0
13873,-143.0
13874,-146.0
13875,-150.0
13876,-154.0
13877,-184.0
13878,-151.0
13879,-183.0
13880,-158.0
13881,-184.0
13882,-145.0
13883,-145.0
13884,-145.0
13885,-188.0
13886,-140.0
13887,-185.0
13888,-186.0
13889,-141.0
13890,-142.0
13891,-154.0
13892,-183.0
13893,-141.0
13894,-143.0
13895,-190.0
13896,-186.0
13897,-180.0
13898,-141.0
13899,-186.0
13900,-150.0
13901,-181.0
13902,-181.0
13903,-141.0
13904,-140.0
13905,-180.0
13906,-143.0
13907,-144.0
13908,-149.0
13909,-145.0
13910,-183.0
13911,-142.0
13912,-187.0
13913,-141.0
13914,-188.0
13915,-190.0
13916,-144.0
13917,-144.0
13918,-188.0
13919,-142.0
13920,-193.0
13921,-142.0
13922,-193.0
13923,-149.0
13924,-187.0
13925,-144.0
13926,-142.0
13927,-143.0
13928,-190.0
13929,-149.0
13930,-192.0
13931,-188.0
13932,-188.0
13933,-144.0
13934,-187.0
13935,-153.0
13936,-151.0
13937,-140.0
13938,-140.0
13939,-154.0
13940,-141.0
13941,-147.0
13942,-189.0
13943,-189.0
13944,-154.0
13945,-190.0
13946,-152.0
13947,-190.0
13948,-146.0
13949,-188.0
13950,-187.0
13951,-139.0
13952,-191.0
13953,-186.0
13954,-139.0
13955,-157.0
13956,-147.0
13957,-187.0
13958,-145.0
13959,-191.0
13960,-144.0
13961,-142.0
13962,-184.0
13963,-142.0
13964,-190.0
13965,-190.0
13966,-154.0
13967,-189.0
13968,-142.0
13969,-188.0
13970,-186.0
13971,-143.0
13972,-193.0
13973,-181.0
13974,-142.0
13975,-141.0
13976,-143.0
13977,-142.0
13978,-183.0
13979,-141.0
13980,-142.0
13981,-181.0
13982,-151.0
13983,-144.0
13984,-144.0
13985,-153.0
13986,-142.0
13987,-195.0
13988,-182.0
13989,-142.0
13990,-142.0
13991,-179.0
13992,-140.0
13993,-151.0
13994,-180.0
13995,-179.0
13996,-145.0
13997,-200.0
13998,-143.0
13999,-181.0
14000,-150.0
14001,-151.0
14002,-143.0
14003,-179.0
14004,-181.0
14005,-143.0
14006,-143.0
14007,-140.0
14008,-180.0
14009,-177.0
14010,-177.0
14011,-178.0
14012,-154.0
14013,-175.0
14014,-141.0
14015,-140.0
14016,-141.0
14017,-154.0
14018,-151.0
14019,-154.0
14020,-140.0
14021,-177.0
14022,-178.0
14023,-141.0
14024,-177.0
14025,-176.0
14026,-146.0
14027,-144.0
14028,-142.0
14029,-179.0
14030,-178.0
14031,-142.0
14032,-186.0
14033,-191.0
14034,-154.0
14035,-153.0
14036,-153.0
14037,-142.0
14038,-144.0
14039,-183.0
14040,-180.0
14041,-144.0
14042,-186.0
14043,-185.0
14044,-151.0
14045,-141.0
14046,-183.0
14047,-183.0
14048,-184.0
14049,-187.0
14050,-179.0
14051,-181.0
14052,-181.0
14053,-144.0
14054,-149.0
14055,-155.0
14056,-181.0
14057,-185.0
14058,-182.0
14059,-144.0
14060,-144.0
14061,-143.0
14062,-180.0
14063,-148.0
14064,-180.0
14065,-140.0
14066,-141.0
14067,-144.0
14068,-154.0
14069,-177.0
14070,-178.0
14071,-145.0
14072,-174.0
14073,-145.0
14074,-144.0
14075,-179.0
14076,-145.0
14077,-144.0
14078,-180.0
14079,-143.0
14080,-144.0
14081,-147.0
14082,-144.0
14083,-177.0
14084,-181.0
14085,-143.0
14086,-148.0
14087,-184.0
14088,-147.0
14089,-142.0
14090,-182.0
14091,-154.0
14092,-149.0
14093,-145.0
14094,-182.0
14095,-183.0
14096,-182.0
14097,-142.0
14098,-142.0
14099,-151.0
14100,-178.0
14101,-182.0
14102,-148.0
14103,-181.0
14104,-152.0
14105,-152.0
14106,-143.0
14107,-178.0
14108,-155.0
14109,-154.0
14110,-179.0
14111,-142.0
14112,-151.0
14113,-183.0
14114,-182.0
14115,-153.0
14116,-140.0
14117,-176.0
14118,-181.0
14119,-188.0
14120,-180.0
14121,-150.0
14122,-142.0
14123,-144.0
14124,-142.0
14125,-188.0
14126,-151.0
14127,-143.0
14128,-183.0
14129,-189.0
14130,-141.0
14131,-148.0
14132,-195.0
14133,-153.0
14134,-145.0
14135,-186.0
14136,-156.0
14137,-181.0
14138,-185.0
14139,-154.0
14140,-180.0
14141,-197.0
14142,-146.0
14143,-193.0
14144,-186.0
14145,-144.0
14146,-176.0
14147,-153.0
14148,-188.0
14149,-142.0
14150,-181.0
14151,-183.0
14152,-154.0
14153,-141.0
14154,-191.0
14155,-148.0
14156,-173.0
14157,-164.0
14158,-145.0
14159,-145.0
14160,-166.0
14161,-171.0
14162,-143.0
14163,-141.0
14164,-160.0
14165,-152.0
14166,-161.0
14167,-141.0
14168,-147.0
14169,-193.0
14170,-144.0
14171,-142.0
14172,-144.0
14173,-162.0
14174,-147.0
14175,-154.0
14176,-124.0
14177,-142.0
14178,-159.0
14179,-156.0
14180,-142.0
14181,-144.0
14182,-164.0
14183,-143.0
14184,-144.0
14185,-142.0
14186,-142.0
14187,-160.0
14188,-166.0
14189,-155.0
14190,-176.0
14191,-144.0
14192,-152.0
14193,-163.0
14194,-142.0
14195,-146.0
14196,-162.0
14197,-125.0
14198,-164.0
14199,-158.0
14200,-141.0
14201,-141.0
14202,-142.0
14203,-148.0
14204,-144.0
14205,-139.0
14206,-151.0
14207,-159.0
14208,-142.0
14209,-143.0
14210,-200.0
14211,-143.0
14212,-147.0
14213,-142.0
14214,-143.0
14215,-200.0
14216,-141.0
14217,-147.0
14218,-139.0
14219,-158.0
14220,-200.0
14221,-144.0
14222,-176.0
14223,-144.0
14224,-147.0
14225,-143.0
14226,-143.0
14227,-141.0
14228,-139.0
14229,-139.0
14230,-141.0
14231,-140.0
14232,-140.0
14233,-138.0
14234,-142.0
14235,-181.0
14236,-152.0
14237,-154.0
14238,-137.0
14239,-187.0
14240,-200.0
14241,-200.0
14242,-119.0
14243,-157.0
14244,-161.0
14245,-119.0
14246,-123.0
14247,-117.0
14248,-168.0
14249,-115.0
14250,-144.0
14251,-117.0
14252,-143.0
14253,-145.0
14254,-148.0
14255,-113.0
14256,-166.0
14257,-147.0
14258,-118.0
14259,-162.0
14260,-155.0
14261,-148.0
14262,-146.0
14263,-174.0
14264,-141.0
14265,-164.0
14266,-119.0
14267,-180.0
14268,-111.0
14269,-115.0
14270,-113.0
14271,-147.0
14272,-113.0
14273,-119.0
14274,-116.0
14275,-147.0
14276,-146.0
14277,-144.0
14278,-146.0
14279,-147.0
14280,-114.0
14281,-118.0
14282,-145.0
14283,-145.0
14284,-117.0
14285,-145.0
14286,-144.0
14287,-155.0
14288,-145.0
14289,-112.0
14290,-111.0
14291,-147.0
14292,-147.0
14293,-144.0
14294,-148.0
14295,-115.0
14296,-120.0
14297,-112.0
14298,-117.0
14299,-147.0
14300,-145.0
14301,-122.0
14302,-156.0
14303,-150.0
14304,-182.0
14305,-145.0
14306,-145.0
14307,-182.0
14308,-180.0
14309,-116.0
14310,-117.0
14311,-143.0
14312,-184.0
14313,-148.0
14314,-178.0
14315,-148.0
14316,-122.0
14317,-145.0
14318,-145.0
14319,-151.0
14320,-140.0
14321,-143.0
14322,-112.0
14323,-151.0
14324,-143.0
14325,-143.0
14326,-112.0
14327,-177.0
14328,-141.0
14329,-143.0
14330,-177.0
14331,-114.0
14332,-146.0
14333,-142.0
14334,-147.0
14335,-151.0
14336,-181.0
14337,-119.0
14338,-182.0
14339,-177.0
14340,-140.0
14341,-177.0
14342,-143.0
14343,-143.0
14344,-146.0
14345,-142.0
14346,-117.0
14347,-117.0
14348,-176.0
14349,-180.0
14350,-112.0
14351,-142.0
14352,-117.0
14353,-144.0
14354,-141.0
14355,-179.0
14356,-143.0
14357,-143.0
14358,-143.0
14359,-116.0
14360,-176.0
14361,-141.0
14362,-141.0
14363,-151.0
14364,-146.0
14365,-154.0
14366,-178.0
14367,-182.0
14368,-119.0
14369,-186.0
14370,-183.0
14371,-154.0
14372,-148.0
14373,-180.0
14374,-113.0
14375,-179.0
14376,-181.0
14377,-142.0
14378,-118.0
14379,-115.0
14380,-148.0
14381,-179.0
14382,-151.0
14383,-182.0
14384,-143.0
14385,-140.0
14386,-119.0
14387,-152.0
14388,-143.0
14389,-155.0
14390,-142.0
14391,-115.0
14392,-183.0
14393,-155.0
14394,-142.0
14395,-183.0
14396,-180.0
14397,-115.0
14398,-119.0
14399,-115.0
14400,-115.0
14401,-151.0
14402,-148.0
14403,-143.0
14404,-146.0
14405,-116.0
14406,-180.0
14407,-154.0
14408,-149.0
14409,-114.0
14410,-152.0
14411,-117.0
14412,-179.0
14413,-112.0
14414,-142.0
14415,-155.0
14416,-142.0
14417,-115.0
14418,-141.0
14419,-157.0
14420,-151.0
14421,-113.0
14422,-144.0
14423,-142.0
14424,-147.0
14425,-115.0
14426,-116.0
14427,-181.0
14428,-157.0
14429,-113.0
14430,-149.0
14431,-116.0
14432,-151.0
14433,-177.0
14434,-115.0
14435,-111.0
14436,-144.0
14437,-149.0
14438,-177.0
14439,-177.0
14440,-153.0
14441,-142.0
14442,-154.0
14443,-143.0
14444,-144.0
14445,-114.0
14446,-141.0
14447,-143.0
14448,-176.0
14449,-142.0
14450,-144.0
14451,-154.0
14452,-143.0
14453,-144.0
14454,-140.0
14455,-119.0
14456,-152.0
14457,-112.0
14458,-115.0
14459,-141.0
14460,-141.0
14461,-113.0
14462,-116.0
14463,-113.0
14464,-115.0
14465,-144.0
14466,-142.0
14467,-140.0
14468,-154.0
14469,-145.0
14470,-144.0
14471,-175.0
14472,-142.0
14473,-179.0
14474,-180.0
14475,-146.0
14476,-141.0
14477,-180.0
14478,-148.0
14479,-149.0
14480,-177.0
14481,-154.0
14482,-144.0
14483,-143.0
14484,-112.0
14485,-142.0
14486,-179.0
14487,-152.0
14488,-153.0
14489,-152.0
14490,-142.0
14491,-114.0
14492,-144.0
14493,-114.0
14494,-177.0
14495,-149.0
14496,-141.0
14497,-144.0
14498,-152.0
14499,-144.0
14500,-153.0
14501,-179.0
14502,-176.0
14503,-150.0
14504,-146.0
14505,-140.0
14506,-140.0
14507,-114.0
14508,-141.0
14509,-150.0
14510,-175.0
14511,-114.0
14512,-141.0
14513,-176.0
14514,-116.0
14515,-144.0
14516,-139.0
14517,-144.0
14518,-147.0
14519,-174.0
14520,-120.0
14521,-141.0
14522,-149.0
14523,-175.0
14524,-116.0
14525,-118.0
14526,-117.0
14527,-152.0
14528,-157.0
14529,-144.0
14530,-116.0
14531,-141.0
14532,-177.0
14533,-138.0
14534,-175.0
14535,-178.0
14536,-140.0
14537,-139.0
14538,-177.0
14539,-140.0
14540,-189.0
14541,-178.0
14542,-146.0
14543,-116.0
14544,-114.0
14545,-141.0
14546,-182.0
14547,-174.0
14548,-153.0
14549,-198.0
14550,-180.0
14551,-153.0
14552,-139.0
14553,-116.0
14554,-140.0
14555,-181.0
14556,-154.0
14557,-150.0
14558,-140.0
14559,-114.0
14560,-141.0
14561,-189.0
14562,-141.0
14563,-116.0
14564,-152.0
14565,-141.0
14566,-153.0
14567,-176.0
14568,-141.0
14569,-179.0
14570,-148.0
14571,-116.0
14572,-121.0
14573,-140.0
14574,-142.0
14575,-116.0
14576,-140.0
14577,-141.0
14578,-141.0
14579,-141.0
14580,-142.0
14581,-140.0
14582,-140.0
14583,-141.0
14584,-116.0
14585,-140.0
14586,-180.0
14587,-114.0
14588,-115.0
14589,-150.0
14590,-115.0
14591,-141.0
14592,-115.0
14593,-142.0
14594,-141.0
14595,-147.0
14596,-152.0
14597,-108.0
14598,-117.0
14599,-147.0
14600,-178.0
14601,-151.0
14602,-117.0
14603,-115.0
14604,-110.0
14605,-117.0
14606,-177.0
14607,-146.0
14608,-176.0
14609,-150.0
14610,-144.0
14611,-142.0
14612,-150.0
14613,-143.0
14614,-143.0
14615,-144.0
14616,-151.0
14617,-148.0
14618,-142.0
14619,-113.0
14620,-149.0
14621,-152.0
14622,-155.0
14623,-177.0
14624,-144.0
14625,-145.0
14626,-153.0
14627,-153.0
14628,-194.0
14629,-142.0
14630,-143.0
14631,-142.0
14632,-117.0
14633,-177.0
14634,-116.0
14635,-189.0
14636,-177.0
14637,-142.0
14638,-141.0
14639,-117.0
14640,-175.0
14641,-176.0
14642,-143.0
14643,-114.0
14644,-178.0
14645,-143.0
14646,-155.0
14647,-142.0
14648,-146.0
14649,-141.0
14650,-141.0
14651,-142.0
14652,-110.0
14653,-141.0
14654,-141.0
14655,-145.0
14656,-147.0
14657,-143.0
14658,-142.0
14659,-158.0
14660,-114.0
14661,-143.0
14662,-145.0
14663,-177.0
14664,-144.0
14665,-150.0
14666,-145.0
14667,-142.0
14668,-154.0
14669,-144.0
14670,-154.0
14671,-117.0
14672,-143.0
14673,-142.0
14674,-176.0
14675,-116.0
14676,-177.0
14677,-118.0
14678,-143.0
14679,-112.0
14680,-146.0
14681,-158.0
14682,-144.0
14683,-177.0
14684,-113.0
14685,-115.0
14686,-177.0
14687,-153.0
14688,-145.0
14689,-114.0
14690,-176.0
14691,-183.0
14692,-146.0
14693,-141.0
14694,-154.0
14695,-144.0
14696,-142.0
14697,-138.0
14698,-144.0
14699,-114.0
14700,-176.0
14701,-139.0
14702,-114.0
14703,-143.0
14704,-178.0
14705,-178.0
14706,-111.0
14707,-152.0
14708,-116.0
14709,-144.0
14710,-142.0
14711,-151.0
14712,-141.0
14713,-142.0
14714,-114.0
14715,-139.0
14716,-143.0
14717,-144.0
14718,-144.0
14719,-176.0
14720,-143.0
14721,-144.0
14722,-142.0
14723,-114.0
14724,-180.0
14725,-154.0
14726,-142.0
14727,-152.0
14728,-145.0
14729,-145.0
14730,-141.0
14731,-155.0
14732,-184.0
14733,-156.0
14734,-113.0
14735,-158.0
14736,-180.0
14737,-146.0
14738,-156.0
14739,-147.0
14740,-148.0
14741,-174.0
14742,-144.0
14743,-147.0
14744,-151.0
14745,-152.0
14746,-111.0
14747,-150.0
14748,-114.0
14749,-184.0
14750,-151.0
14751,-159.0
14752,-150.0
14753,-118.0
14754,-115.0
14755,-176.0
14756,-148.0
14757,-116.0
14758,-144.0
14759,-114.0
14760,-115.0
14761,-114.0
14762,-112.0
14763,-151.0
14764,-151.0
14765,-179.0
14766,-152.0
14767,-115.0
14768,-116.0
14769,-159.0
14770,-151.0
14771,-147.0
14772,-151.0
14773,-111.0
14774,-117.0
14775,-114.0
14776,-180.0
14777,-176.0
14778,-151.0
14779,-152.0
14780,-163.0
14781,-166.0
14782,-152.0
14783,-114.0
14784,-191.0
14785,-112.0
14786,-116.0
14787,-186.0
14788,-113.0
14789,-153.0
14790,-187.0
14791,-115.0
14792,-185.0
14793,-154.0
14794,-158.0
14795,-114.0
14796,-150.0
14797,-177.0
14798,-115.0
14799,-152.0
14800,-153.0
14801,-182.0
14802,-151.0
14803,-154.0
14804,-174.0
14805,-153.0
14806,-151.0
14807,-149.0
14808,-180.0
14809,-111.0
14810,-115.0
14811,-150.0
14812,-178.0
14813,-177.0
14814,-143.0
14815,-147.0
14816,-114.0
14817,-148.0
14818,-147.0
14819,-116.0
14820,-158.0
14821,-147.0
14822,-146.0
14823,-114.0
14824,-146.0
14825,-116.0
14826,-147.0
14827,-174.0
14828,-115.0
14829,-156.0
14830,-175.0
14831,-154.0
14832,-146.0
14833,-157.0
14834,-159.0
14835,-115.0
14836,-150.0
14837,-116.0
14838,-115.0
14839,-157.0
14840,-149.0
14841,-149.0
14842,-115.0
14843,-144.0
14844,-116.0
14845,-150.0
14846,-157.0
14847,-175.0
14848,-155.0
14849,-155.0
14850,-148.0
14851,-163.0
14852,-158.0
14853,-116.0
14854,-144.0
14855,-178.0
14856,-116.0
14857,-118.0
14858,-114.0
14859,-144.0
14860,-176.0
14861,-146.0
14862,-114.0
14863,-151.0
14864,-115.0
14865,-177.0
14866,-112.0
14867,-115.0
14868,-158.0
14869,-144.0
14870,-153.0
14871,-144.0
14872,-158.0
14873,-151.0
14874,-177.0
14875,-118.0
14876,-145.0
14877,-115.0
14878,-176.0
14879,-117.0
14880,-177.0
14881,-154.0
14882,-143.0
14883,-144.0
14884,-114.0
14885,-153.0
14886,-116.0
14887,-148.0
14888,-115.0
14889,-113.0
14890,-150.0
14891,-178.0
14892,-179.0
14893,-161.0
14894,-181.0
14895,-175.0
14896,-147.0
14897,-158.0
14898,-180.0
14899,-157.0
14900,-115.0
14901,-115.0
14902,-182.0
14903,-115.0
14904,-150.0
14905,-114.0
14906,-152.0
14907,-117.0
14908,-177.0
14909,-161.0
14910,-116.0
14911,-153.0
14912,-149.0
14913,-114.0
14914,-160.0
14915,-115.0
14916,-176.0
14917,-112.0
14918,-176.0
14919,-160.0
14920,-154.0
14921,-162.0
14922,-177.0
14923,-149.0
14924,-151.0
14925,-117.0
14926,-150.0
14927,-176.0
14928,-149.0
14929,-177.0
14930,-114.0
14931,-150.0
14932,-115.0
14933,-162.0
14934,-116.0
14935,-181.0
14936,-165.0
14937,-150.0
14938,-179.0
14939,-115.0
14940,-178.0
14941,-109.0
14942,-177.0
14943,-151.0
14944,-113.0
14945,-151.0
14946,-114.0
14947,-148.0
14948,-150.0
14949,-178.0
14950,-114.0
14951,-149.0
14952,-115.0
14953,-150.0
14954,-150.0
14955,-176.0
14956,-149.0
14957,-149.0
14958,-176.0
14959,-176.0
14960,-151.0
14961,-111.0
14962,-180.0
14963,-150.0
14964,-178.0
14965,-149.0
14966,-148.0
14967,-116.0
14968,-118.0
14969,-116.0
14970,-149.0
14971,-176.0
14972,-181.0
14973,-148.0
14974,-151.0
14975,-116.0
14976,-116.0
14977,-147.0
14978,-148.0
14979,-146.0
14980,-148.0
14981,-183.0
14982,-117.0
14983,-150.0
14984,-179.0
14985,-148.0
14986,-150.0
14987,-116.0
14988,-149.0
14989,-115.0
14990,-154.0
14991,-116.0
14992,-118.0
14993,-151.0
14994,-151.0
14995,-150.0
14996,-154.0
14997,-116.0
14998,-159.0
14999,-157.0
15000,-147.0
15001,-148.0
15002,-151.0
15003,-150.0
15004,-158.0
15005,-110.0
15006,-159.0
15007,-146.0
15008,-149.0
15009,-114.0
15010,-160.0
15011,-118.0
15012,-145.0
15013,-154.0
15014,-149.0
15015,-145.0
15016,-177.0
15017,-143.0
15018,-117.0
15019,-112.0
15020,-161.0
15021,-147.0
15022,-146.0
15023,-149.0
15024,-157.0
15025,-175.0
15026,-112.0
15027,-149.0
15028,-175.0
15029,-147.0
15030,-174.0
15031,-175.0
15032,-175.0
15033,-153.0
15034,-114.0
15035,-111.0
15036,-116.0
15037,-147.0
15038,-145.0
15039,-145.0
15040,-160.0
15041,-148.0
15042,-174.0
15043,-151.0
15044,-144.0
15045,-144.0
15046,-181.0
15047,-144.0
15048,-147.0
15049,-148.0
15050,-118.0
15051,-156.0
15052,-148.0
15053,-116.0
15054,-175.0
15055,-112.0
15056,-188.0
15057,-143.0
15058,-149.0
15059,-114.0
15060,-147.0
15061,-115.0
15062,-200.0
15063,-179.0
15064,-145.0
15065,-116.0
15066,-151.0
15067,-115.0
15068,-162.0
15069,-179.0
15070,-181.0
15071,-182.0
15072,-152.0
15073,-152.0
15074,-118.0
15075,-155.0
15076,-152.0
15077,-175.0
15078,-116.0
15079,-177.0
15080,-159.0
15081,-116.0
15082,-174.0
15083,-175.0
15084,-150.0
15085,-177.0
15086,-151.0
15087,-152.0
15088,-151.0
15089,-115.0
15090,-162.0
15091,-150.0
15092,-165.0
15093,-176.0
15094,-146.0
15095,-149.0
15096,-147.0
15097,-177.0
15098,-176.0
15099,-178.0
15100,-154.0
15101,-147.0
15102,-114.0
15103,-158.0
15104,-179.0
15105,-109.0
15106,-109.0
15107,-177.0
15108,-172.0
15109,-173.0
15110,-148.0
15111,-151.0
15112,-158.0
15113,-158.0
15114,-157.0
15115,-161.0
15116,-149.0
15117,-150.0
15118,-176.0
15119,-160.0
15120,-147.0
15121,-120.0
15122,-115.0
15123,-146.0
15124,-150.0
15125,-142.0
15126,-181.0
15127,-116.0
15128,-154.0
15129,-141.0
15130,-177.0
15131,-115.0
15132,-116.0
15133,-114.0
15134,-142.0
15135,-142.0
15136,-175.0
15137,-174.0
15138,-115.0
15139,-177.0
15140,-118.0
15141,-173.0
15142,-144.0
15143,-178.0
15144,-114.0
15145,-142.0
15146,-176.0
15147,-141.0
15148,-141.0
15149,-141.0
15150,-140.0
15151,-116.0
15152,-111.0
15153,-140.0
15154,-176.0
15155,-148.0
15156,-112.0
15157,-142.0
15158,-140.0
15159,-115.0
15160,-115.0
15161,-142.0
15162,-177.0
15163,-141.0
15164,-115.0
15165,-154.0
15166,-177.0
15167,-153.0
15168,-180.0
15169,-115.0
15170,-150.0
15171,-112.0
15172,-114.0
15173,-150.0
15174,-178.0
15175,-117.0
15176,-177.0
15177,-151.0
15178,-119.0
15179,-141.0
15180,-142.0
15181,-113.0
15182,-175.0
15183,-177.0
15184,-114.0
15185,-149.0
15186,-147.0
15187,-115.0
15188,-142.0
15189,-143.0
15190,-150.0
15191,-175.0
15192,-146.0
15193,-175.0
15194,-173.0
15195,-142.0
15196,-153.0
15197,-176.0
15198,-175.0
15199,-177.0
15200,-145.0
15201,-143.0
15202,-149.0
15203,-173.0
15204,-115.0
15205,-154.0
15206,-141.0
15207,-112.0
15208,-113.0
15209,-144.0
15210,-178.0
15211,-142.0
15212,-141.0
15213,-150.0
15214,-142.0
15215,-115.0
15216,-115.0
15217,-150.0
15218,-110.0
15219,-114.0
15220,-142.0
15221,-180.0
15222,-144.0
15223,-141.0
15224,-142.0
15225,-142.0
15226,-143.0
15227,-115.0
15228,-115.0
15229,-148.0
15230,-143.0
15231,-141.0
15232,-150.0
15233,-119.0
15234,-180.0
15235,-116.0
15236,-144.0
15237,-142.0
15238,-150.0
15239,-152.0
15240,-154.0
15241,-114.0
15242,-111.0
15243,-176.0
15244,-176.0
15245,-176.0
15246,-177.0
15247,-177.0
15248,-142.0
15249,-140.0
15250,-141.0
15251,-141.0
15252,-112.0
15253,-141.0
15254,-176.0
15255,-141.0
15256,-177.0
15257,-140.0
15258,-144.0
15259,-149.0
15260,-115.0
15261,-141.0
15262,-115.0
15263,-157.0
15264,-141.0
15265,-140.0
15266,-114.0
15267,-114.0
15268,-179.0
15269,-154.0
15270,-150.0
15271,-152.0
15272,-140.0
15273,-152.0
15274,-115.0
15275,-140.0
15276,-141.0
15277,-123.0
15278,-141.0
15279,-140.0
15280,-115.0
15281,-177.0
15282,-142.0
15283,-149.0
15284,-149.0
15285,-148.0
15286,-153.0
15287,-153.0
15288,-149.0
15289,-148.0
15290,-175.0
15291,-177.0
15292,-140.0
15293,-140.0
15294,-154.0
15295,-115.0
15296,-152.0
15297,-150.0
15298,-140.0
15299,-115.0
15300,-142.0
15301,-176.0
15302,-149.0
15303,-116.0
15304,-173.0
15305,-150.0
15306,-156.0
15307,-174.0
15308,-178.0
15309,-143.0
15310,-143.0
15311,-114.0
15312,-114.0
15313,-141.0
15314,-141.0
15315,-155.0
15316,-151.0
15317,-175.0
15318,-153.0
15319,-111.0
15320,-141.0
15321,-142.0
15322,-144.0
15323,-110.0
15324,-178.0
15325,-115.0
15326,-115.0
15327,-145.0
15328,-178.0
15329,-115.0
15330,-175.0
15331,-181.0
15332,-176.0
15333,-140.0
15334,-112.0
15335,-149.0
15336,-111.0
15337,-140.0
15338,-141.0
15339,-178.0
15340,-156.0
15341,-111.0
15342,-141.0
15343,-154.0
15344,-112.0
15345,-142.0
15346,-177.0
15347,-187.0
15348,-183.0
15349,-115.0
15350,-200.0
15351,-111.0
15352,-115.0
15353,-154.0
15354,-175.0
15355,-140.0
15356,-141.0
15357,-177.0
15358,-141.0
15359,-177.0
15360,-149.0
15361,-178.0
15362,-150.0
15363,-140.0
15364,-141.0
15365,-180.0
15366,-114.0
15367,-141.0
15368,-145.0
15369,-149.0
15370,-180.0
15371,-141.0
15372,-176.0
15373,-174.0
15374,-142.0
15375,-150.0
15376,-115.0
15377,-115.0
15378,-141.0
15379,-115.0
15380,-141.0
15381,-177.0
15382,-142.0
15383,-140.0
15384,-149.0
15385,-151.0
15386,-143.0
15387,-108.0
15388,-115.0
15389,-176.0
15390,-141.0
15391,-152.0
15392,-142.0
15393,-141.0
15394,-177.0
15395,-180.0
15396,-114.0
15397,-114.0
15398,-152.0
15399,-180.0
15400,-114.0
15401,-142.0
15402,-142.0
15403,-174.0
15404,-143.0
15405,-115.0
15406,-115.0
15407,-142.0
15408,-154.0
15409,-185.0
15410,-116.0
15411,-142.0
15412,-142.0
15413,-142.0
15414,-118.0
15415,-151.0
15416,-179.0
15417,-182.0
15418,-142.0
15419,-110.0
15420,-115.0
15421,-177.0
15422,-114.0
15423,-180.0
15424,-142.0
15425,-151.0
15426,-141.0
15427,-142.0
15428,-200.0
15429,-141.0
15430,-141.0
15431,-164.0
15432,-200.0
15433,-180.0
15434,-187.0
15435,-142.0
15436,-116.0
15437,-177.0
15438,-116.0
15439,-141.0
15440,-117.0
15441,-140.0
15442,-175.0
15443,-142.0
15444,-116.0
15445,-147.0
15446,-113.0
15447,-179.0
15448,-141.0
15449,-149.0
15450,-149.0
15451,-141.0
15452,-186.0
15453,-146.0
15454,-141.0
15455,-141.0
15456,-115.0
15457,-141.0
15458,-114.0
15459,-115.0
15460,-141.0
15461,-175.0
15462,-150.0
15463,-175.0
15464,-184.0
15465,-147.0
15466,-178.0
15467,-141.0
15468,-118.0
15469,-141.0
15470,-114.0
15471,-178.0
15472,-146.0
15473,-147.0
15474,-142.0
15475,-178.0
15476,-111.0
15477,-177.0
15478,-175.0
15479,-141.0
15480,-141.0
15481,-156.0
15482,-141.0
15483,-144.0
15484,-141.0
15485,-141.0
15486,-114.0
15487,-142.0
15488,-110.0
15489,-114.0
15490,-114.0
15491,-150.0
15492,-174.0
15493,-113.0
15494,-141.0
15495,-177.0
15496,-142.0
15497,-115.0
15498,-151.0
15499,-151.0
15500,-113.0
15501,-176.0
15502,-152.0
15503,-141.0
15504,-142.0
15505,-115.0
15506,-177.0
15507,-114.0
15508,-141.0
15509,-141.0
15510,-177.0
15511,-176.0
15512,-196.0
15513,-141.0
15514,-143.0
15515,-136.0
15516,-143.0
15517,-153.0
15518,-149.0
15519,-142.0
15520,-115.0
15521,-155.0
15522,-115.0
15523,-154.0
15524,-114.0
15525,-116.0
15526,-141.0
15527,-154.0
15528,-180.0
15529,-158.0
15530,-157.0
15531,-186.0
15532,-144.0
15533,-152.0
15534,-142.0
15535,-177.0
15536,-107.0
15537,-116.0
15538,-150.0
15539,-153.0
15540,-152.0
15541,-144.0
15542,-141.0
15543,-141.0
15544,-113.0
15545,-149.0
15546,-152.0
15547,-185.0
15548,-146.0
15549,-159.0
15550,-116.0
15551,-149.0
15552,-142.0
15553,-114.0
15554,-145.0
15555,-115.0
15556,-195.0
15557,-148.0
15558,-113.0
15559,-141.0
15560,-142.0
15561,-143.0
15562,-179.0
15563,-146.0
15564,-142.0
15565,-178.0
15566,-113.0
15567,-140.0
15568,-110.0
15569,-181.0
15570,-140.0
15571,-149.0
15572,-110.0
15573,-185.0
15574,-142.0
15575,-141.0
15576,-113.0
15577,-142.0
15578,-141.0
15579,-142.0
15580,-113.0
15581,-142.0
15582,-152.0
15583,-172.0
15584,-180.0
15585,-141.0
15586,-114.0
15587,-160.0
15588,-146.0
15589,-113.0
15590,-141.0
15591,-141.0
15592,-156.0
15593,-115.0
15594,-148.0
15595,-141.0
15596,-151.0
15597,-114.0
15598,-149.0
15599,-115.0
15600,-150.0
15601,-116.0
15602,-176.0
15603,-183.0
15604,-141.0
15605,-142.0
15606,-141.0
15607,-114.0
15608,-115.0
15609,-118.0
15610,-142.0
15611,-110.0
15612,-113.0
15613,-141.0
15614,-174.0
15615,-141.0
15616,-144.0
15617,-141.0
15618,-114.0
15619,-151.0
15620,-177.0
15621,-141.0
15622,-145.0
15623,-140.0
15624,-154.0
15625,-114.0
15626,-114.0
15627,-141.0
15628,-115.0
15629,-147.0
15630,-141.0
15631,-148.0
15632,-148.0
15633,-116.0
15634,-147.0
15635,-141.0
15636,-142.0
15637,-175.0
15638,-113.0
15639,-172.0
15640,-178.0
15641,-150.0
15642,-141.0
15643,-153.0
15644,-147.0
15645,-152.0
15646,-142.0
15647,-174.0
15648,-142.0
15649,-114.0
15650,-172.0
15651,-117.0
15652,-114.0
15653,-151.0
15654,-141.0
15655,-142.0
15656,-149.0
15657,-142.0
15658,-142.0
15659,-153.0
15660,-114.0
15661,-159.0
15662,-114.0
15663,-115.0
15664,-174.0
15665,-114.0
15666,-154.0
15667,-112.0
15668,-144.0
15669,-152.0
15670,-141.0
15671,-173.0
15672,-172.0
15673,-115.0
15674,-141.0
15675,-113.0
15676,-145.0
15677,-114.0
15678,-147.0
15679,-140.0
15680,-147.0
15681,-114.0
15682,-143.0
15683,-149.0
15684,-114.0
15685,-140.0
15686,-148.0
15687,-113.0
15688,-150.0
15689,-147.0
15690,-153.0
15691,-143.0
15692,-143.0
15693,-174.0
15694,-150.0
15695,-142.0
15696,-111.0
15697,-113.0
15698,-143.0
15699,-141.0
15700,-145.0
15701,-150.0
15702,-140.0
15703,-142.0
15704,-151.0
15705,-154.0
15706,-173.0
15707,-140.0
15708,-141.0
15709,-141.0
15710,-173.0
15711,-141.0
15712,-149.0
15713,-141.0
15714,-174.0
15715,-108.0
15716,-174.0
15717,-151.0
15718,-114.0
15719,-150.0
15720,-152.0
15721,-141.0
15722,-141.0
15723,-156.0
15724,-159.0
15725,-142.0
15726,-145.0
15727,-112.0
15728,-153.0
15729,-154.0
15730,-143.0
15731,-113.0
15732,-153.0
15733,-114.0
15734,-142.0
15735,-142.0
15736,-142.0
15737,-174.0
15738,-141.0
15739,-112.0
15740,-141.0
15741,-142.0
15742,-113.0
15743,-155.0
15744,-143.0
15745,-175.0
15746,-113.0
15747,-113.0
15748,-143.0
15749,-142.0
15750,-143.0
15751,-113.0
15752,-142.0
15753,-114.0
15754,-143.0
15755,-173.0
15756,-149.0
15757,-149.0
15758,-117.0
15759,-141.0
15760,-142.0
15761,-140.0
15762,-114.0
15763,-148.0
15764,-141.0
15765,-175.0
15766,-113.0
15767,-114.0
15768,-151.0
15769,-110.0
15770,-176.0
15771,-171.0
15772,-141.0
15773,-171.0
15774,-172.0
15775,-109.0
15776,-113.0
15777,-114.0
15778,-141.0
15779,-175.0
15780,-148.0
15781,-154.0
15782,-152.0
15783,-153.0
15784,-129.0
15785,-141.0
15786,-172.0
15787,-142.0
15788,-150.0
15789,-141.0
15790,-147.0
15791,-141.0
15792,-115.0
15793,-112.0
15794,-142.0
15795,-148.0
15796,-114.0
15797,-147.0
15798,-174.0
15799,-141.0
15800,-113.0
15801,-142.0
15802,-142.0
15803,-141.0
15804,-109.0
15805,-140.0
15806,-141.0
15807,-141.0
15808,-156.0
15809,-143.0
15810,-173.0
15811,-114.0
15812,-150.0
15813,-143.0
15814,-172.0
15815,-114.0
15816,-112.0
15817,-112.0
15818,-144.0
15819,-141.0
15820,-173.0
15821,-141.0
15822,-141.0
15823,-181.0
15824,-173.0
15825,-141.0
15826,-143.0
15827,-141.0
15828,-142.0
15829,-152.0
15830,-113.0
15831,-142.0
15832,-117.0
15833,-151.0
15834,-141.0
15835,-115.0
15836,-141.0
15837,-173.0
15838,-113.0
15839,-173.0
15840,-173.0
15841,-141.0
15842,-113.0
15843,-111.0
15844,-142.0
15845,-142.0
15846,-143.0
15847,-156.0
15848,-143.0
15849,-142.0
15850,-113.0
15851,-148.0
15852,-174.0
15853,-140.0
15854,-141.0
15855,-141.0
15856,-173.0
15857,-154.0
15858,-141.0
15859,-146.0
15860,-173.0
15861,-152.0
15862,-141.0
15863,-173.0
15864,-142.0
15865,-172.0
15866,-114.0
15867,-141.0
15868,-174.0
15869,-170.0
15870,-143.0
15871,-147.0
15872,-144.0
15873,-142.0
15874,-117.0
15875,-114.0
15876,-115.0
15877,-140.0
15878,-152.0
15879,-141.0
15880,-114.0
15881,-151.0
15882,-112.0
15883,-173.0
15884,-142.0
15885,-113.0
15886,-142.0
15887,-141.0
15888,-147.0
15889,-173.0
15890,-153.0
15891,-154.0
15892,-115.0
15893,-148.0
15894,-144.0
15895,-142.0
15896,-142.0
15897,-115.0
15898,-174.0
15899,-174.0
15900,-141.0
15901,-154.0
15902,-140.0
15903,-156.0
15904,-110.0
15905,-145.0
15906,-141.0
15907,-113.0
15908,-141.0
15909,-174.0
15910,-113.0
15911,-171.0
15912,-115.0
15913,-152.0
15914,-142.0
15915,-114.0
15916,-145.0
15917,-173.0
15918,-174.0
15919,-150.0
15920,-142.0
15921,-141.0
15922,-152.0
15923,-116.0
15924,-146.0
15925,-174.0
15926,-113.0
15927,-174.0
15928,-141.0
15929,-143.0
15930,-113.0
15931,-169.0
15932,-200.0
15933,-139.0
15934,-143.0
15935,-140.0
15936,-113.0
15937,-141.0
15938,-141.0
15939,-189.0
15940,-145.0
15941,-142.0
15942,-142.0
15943,-113.0
15944,-200.0
15945,-138.0
15946,-159.0
15947,-113.0
15948,-143.0
15949,-174.0
15950,-140.0
15951,-152.0
15952,-140.0
15953,-138.0
15954,-200.0
15955,-138.0
15956,-139.0
15957,-173.0
15958,-200.0
15959,-139.0
15960,-200.0
15961,-149.0
15962,-145.0
15963,-152.0
15964,-114.0
15965,-110.0
15966,-156.0
15967,-118.0
15968,-147.0
15969,-168.0
15970,-141.0
15971,-146.0
15972,-143.0
15973,-143.0
15974,-168.0
15975,-164.0
15976,-142.0
15977,-158.0
15978,-160.0
15979,-158.0
15980,-122.0
15981,-141.0
15982,-143.0
15983,-113.0
15984,-146.0
15985,-140.0
15986,-142.0
15987,-152.0
15988,-165.0
15989,-150.0
15990,-170.0
15991,-157.0
15992,-150.0
15993,-144.0
15994,-117.0
15995,-114.0
15996,-141.0
15997,-147.0
15998,-157.0
15999,-143.0
16000,-170.0
16001,-160.0
16002,-147.0
16003,-113.0
16004,-117.0
16005,-146.0
16006,-175.0
16007,-151.0
16008,-142.0
16009,-148.0
16010,-143.0
16011,-190.0
16012,-173.0
16013,-116.0
16014,-172.0
16015,-113.0
16016,-148.0
16017,-144.0
16018,-114.0
16019,-145.0
16020,-175.0
16021,-147.0
16022,-148.0
16023,-146.0
16024,-144.0
16025,-147.0
16026,-174.0
16027,-113.0
16028,-175.0
16029,-144.0
16030,-172.0
16031,-158.0
16032,-144.0
16033,-144.0
16034,-144.0
16035,-145.0
16036,-143.0
16037,-154.0
16038,-174.0
16039,-140.0
16040,-144.0
16041,-175.0
16042,-143.0
16043,-153.0
16044,-146.0
16045,-143.0
16046,-153.0
16047,-139.0
16048,-141.0
16049,-113.0
16050,-142.0
16051,-113.0
16052,-175.0
16053,-151.0
16054,-141.0
16055,-113.0
16056,-143.0
16057,-146.0
16058,-158.0
16059,-143.0
16060,-157.0
16061,-113.0
16062,-174.0
16063,-148.0
16064,-175.0
16065,-148.0
16066,-117.0
16067,-146.0
16068,-147.0
16069,-154.0
16070,-163.0
16071,-171.0
16072,-146.0
16073,-175.0
16074,-152.0
16075,-147.0
16076,-178.0
16077,-117.0
16078,-146.0
16079,-114.0
16080,-151.0
16081,-160.0
16082,-149.0
16083,-148.0
16084,-174.0
16085,-114.0
16086,-155.0
16087,-117.0
16088,-144.0
16089,-145.0
16090,-114.0
16091,-154.0
16092,-124.0
16093,-113.0
16094,-157.0
16095,-173.0
16096,-113.0
16097,-156.0
16098,-173.0
16099,-145.0
16100,-153.0
16101,-149.0
16102,-173.0
16103,-172.0
16104,-139.0
16105,-112.0
16106,-113.0
16107,-144.0
16108,-139.0
16109,-173.0
16110,-173.0
16111,-173.0
16112,-142.0
16113,-171.0
16114,-113.0
16115,-146.0
16116,-113.0
16117,-116.0
16118,-114.0
16119,-114.0
16120,-153.0
16121,-173.0
16122,-109.0
16123,-113.0
16124,-147.0
16125,-113.0
16126,-158.0
16127,-144.0
16128,-180.0
16129,-157.0
16130,-148.0
16131,-113.0
16132,-143.0
16133,-172.0
16134,-174.0
16135,-170.0
16136,-149.0
16137,-114.0
16138,-147.0
16139,-110.0
16140,-145.0
16141,-144.0
16142,-172.0
16143,-120.0
16144,-146.0
16145,-156.0
16146,-179.0
16147,-148.0
16148,-149.0
16149,-149.0
16150,-148.0
16151,-145.0
16152,-115.0
16153,-175.0
16154,-146.0
16155,-114.0
16156,-149.0
16157,-115.0
16158,-142.0
16159,-146.0
16160,-174.0
16161,-109.0
16162,-113.0
16163,-147.0
16164,-114.0
16165,-174.0
16166,-146.0
16167,-143.0
16168,-152.0
16169,-177.0
16170,-147.0
16171,-177.0
16172,-114.0
16173,-143.0
16174,-147.0
16175,-147.0
16176,-114.0
16177,-154.0
16178,-150.0
16179,-149.0
16180,-113.0
16181,-177.0
16182,-149.0
16183,-177.0
16184,-113.0
16185,-151.0
16186,-148.0
16187,-148.0
16188,-146.0
16189,-153.0
16190,-158.0
16191,-146.0
16192,-151.0
16193,-149.0
16194,-113.0
16195,-150.0
16196,-153.0
16197,-175.0
16198,-177.0
16199,-114.0
16200,-145.0
16201,-144.0
16202,-114.0
16203,-157.0
16204,-151.0
16205,-177.0
16206,-150.0
16207,-151.0
16208,-178.0
16209,-113.0
16210,-146.0
16211,-160.0
16212,-151.0
16213,-147.0
16214,-158.0
16215,-151.0
16216,-114.0
16217,-175.0
16218,-151.0
16219,-154.0
16220,-156.0
16221,-112.0
16222,-174.0
16223,-114.0
16224,-148.0
16225,-114.0
16226,-154.0
16227,-151.0
16228,-149.0
16229,-143.0
16230,-175.0
16231,-178.0
16232,-152.0
16233,-147.0
16234,-114.0
16235,-180.0
16236,-113.0
16237,-146.0
16238,-145.0
16239,-154.0
16240,-114.0
16241,-148.0
16242,-146.0
16243,-115.0
16244,-176.0
16245,-160.0
16246,-176.0
16247,-157.0
16248,-176.0
16249,-178.0
16250,-117.0
16251,-173.0
16252,-111.0
16253,-145.0
16254,-156.0
16255,-152.0
16256,-113.0
16257,-145.0
16258,-114.0
16259,-176.0
16260,-145.0
16261,-156.0
16262,-179.0
16263,-114.0
16264,-155.0
16265,-147.0
16266,-178.0
16267,-153.0
16268,-146.0
16269,-146.0
16270,-154.0
16271,-113.0
16272,-146.0
16273,-148.0
16274,-152.0
16275,-144.0
16276,-114.0
16277,-159.0
16278,-180.0
16279,-150.0
16280,-110.0
16281,-153.0
16282,-114.0
16283,-173.0
16284,-180.0
16285,-155.0
16286,-154.0
16287,-149.0
16288,-149.0
16289,-113.0
16290,-177.0
16291,-176.0
16292,-151.0
16293,-110.0
16294,-179.0
16295,-159.0
16296,-116.0
16297,-178.0
16298,-146.0
16299,-178.0
16300,-114.0
16301,-112.0
16302,-142.0
16303,-112.0
16304,-150.0
16305,-155.0
16306,-180.0
16307,-153.0
16308,-180.0
16309,-150.0
16310,-113.0
16311,-113.0
16312,-157.0
16313,-153.0
16314,-154.0
16315,-176.0
16316,-150.0
16317,-152.0
16318,-177.0
16319,-151.0
16320,-117.0
16321,-152.0
16322,-146.0
16323,-152.0
16324,-146.0
16325,-144.0
16326,-152.0
16327,-114.0
16328,-155.0
16329,-177.0
16330,-179.0
16331,-114.0
16332,-112.0
16333,-151.0
16334,-162.0
16335,-154.0
16336,-179.0
16337,-146.0
16338,-150.0
16339,-154.0
16340,-150.0
16341,-151.0
16342,-181.0
16343,-152.0
16344,-150.0
16345,-117.0
16346,-147.0
16347,-150.0
16348,-176.0
16349,-175.0
16350,-147.0
16351,-146.0
16352,-150.0
16353,-149.0
16354,-112.0
16355,-113.0
16356,-144.0
16357,-153.0
16358,-155.0
16359,-146.0
16360,-163.0
16361,-145.0
16362,-146.0
16363,-153.0
16364,-159.0
16365,-149.0
16366,-177.0
16367,-150.0
16368,-141.0
16369,-179.0
16370,-159.0
16371,-154.0
16372,-114.0
16373,-112.0
16374,-112.0
16375,-113.0
16376,-144.0
16377,-113.0
16378,-143.0
16379,-157.0
16380,-150.0
16381,-114.0
16382,-140.0
16383,-159.0
16384,-176.0
16385,-149.0
16386,-154.0
16387,-147.0
16388,-117.0
16389,-176.0
16390,-150.0
16391,-176.0
16392,-113.0
16393,-115.0
16394,-114.0
16395,-153.0
16396,-154.0
16397,-153.0
16398,-194.0
16399,-142.0
16400,-148.0
16401,-112.0
16402,-152.0
16403,-155.0
16404,-149.0
16405,-177.0
16406,-151.0
16407,-113.0
16408,-144.0
16409,-176.0
16410,-171.0
16411,-112.0
16412,-113.0
16413,-175.0
16414,-143.0
16415,-155.0
16416,-152.0
16417,-176.0
16418,-143.0
16419,-112.0
16420,-113.0
16421,-151.0
16422,-143.0
16423,-115.0
16424,-143.0
16425,-114.0
16426,-182.0
16427,-145.0
16428,-145.0
16429,-175.0
16430,-175.0
16431,-113.0
16432,-154.0
16433,-147.0
16434,-155.0
16435,-146.0
16436,-174.0
16437,-176.0
16438,-113.0
16439,-150.0
16440,-176.0
16441,-143.0
16442,-148.0
16443,-140.0
16444,-177.0
16445,-146.0
16446,-112.0
16447,-113.0
16448,-143.0
16449,-154.0
16450,-142.0
16451,-117.0
16452,-186.0
16453,-139.0
16454,-176.0
16455,-174.0
16456,-145.0
16457,-144.0
16458,-113.0
16459,-188.0
16460,-141.0
16461,-142.0
16462,-143.0
16463,-176.0
16464,-174.0
16465,-144.0
16466,-139.0
16467,-150.0
16468,-143.0
16469,-113.0
16470,-173.0
16471,-146.0
16472,-142.0
16473,-140.0
16474,-110.0
16475,-151.0
16476,-141.0
16477,-141.0
16478,-159.0
16479,-140.0
16480,-141.0
16481,-112.0
16482,-143.0
16483,-148.0
16484,-110.0
16485,-141.0
16486,-113.0
16487,-141.0
16488,-142.0
16489,-142.0
16490,-145.0
16491,-152.0
16492,-142.0
16493,-112.0
16494,-179.0
16495,-187.0
16496,-143.0
16497,-142.0
16498,-178.0
16499,-141.0
16500,-152.0
16501,-179.0
16502,-113.0
16503,-141.0
16504,-113.0
16505,-125.0
16506,-145.0
16507,-152.0
16508,-153.0
16509,-145.0
16510,-180.0
16511,-154.0
16512,-181.0
16513,-148.0
16514,-154.0
16515,-114.0
16516,-155.0
16517,-143.0
16518,-148.0
16519,-142.0
16520,-146.0
16521,-113.0
16522,-114.0
16523,-181.0
16524,-142.0
16525,-151.0
16526,-142.0
16527,-142.0
16528,-140.0
16529,-148.0
16530,-113.0
16531,-142.0
16532,-143.0
16533,-155.0
16534,-155.0
16535,-152.0
16536,-143.0
16537,-145.0
16538,-112.0
16539,-144.0
16540,-145.0
16541,-144.0
16542,-151.0
16543,-144.0
16544,-178.0
16545,-155.0
16546,-138.0
16547,-181.0
16548,-144.0
16549,-143.0
16550,-114.0
16551,-186.0
16552,-145.0
16553,-138.0
16554,-181.0
16555,-149.0
16556,-141.0
16557,-149.0
16558,-142.0
16559,-142.0
16560,-114.0
16561,-143.0
16562,-150.0
16563,-113.0
16564,-148.0
16565,-143.0
16566,-142.0
16567,-144.0
16568,-110.0
16569,-167.0
16570,-180.0
16571,-186.0
16572,-118.0
16573,-112.0
16574,-113.0
16575,-117.0
16576,-142.0
16577,-114.0
16578,-143.0
16579,-148.0
16580,-142.0
16581,-155.0
16582,-169.0
16583,-155.0
16584,-177.0
16585,-143.0
16586,-150.0
16587,-149.0
16588,-141.0
16589,-141.0
16590,-110.0
16591,-151.0
16592,-114.0
16593,-182.0
16594,-146.0
16595,-113.0
16596,-148.0
16597,-114.0
16598,-181.0
16599,-113.0
16600,-114.0
16601,-144.0
16602,-144.0
16603,-181.0
16604,-183.0
16605,-145.0
16606,-113.0
16607,-146.0
16608,-142.0
16609,-115.0
16610,-184.0
16611,-143.0
16612,-117.0
16613,-145.0
16614,-141.0
16615,-113.0
16616,-149.0
16617,-150.0
16618,-114.0
16619,-144.0
16620,-141.0
16621,-180.0
16622,-156.0
16623,-154.0
16624,-154.0
16625,-154.0
16626,-143.0
16627,-142.0
16628,-159.0
16629,-112.0
16630,-179.0
16631,-156.0
16632,-147.0
16633,-112.0
16634,-180.0
16635,-149.0
16636,-114.0
16637,-175.0
16638,-152.0
16639,-184.0
16640,-144.0
16641,-141.0
16642,-144.0
16643,-183.0
16644,-183.0
16645,-112.0
16646,-116.0
16647,-143.0
16648,-113.0
16649,-146.0
16650,-113.0
16651,-153.0
16652,-177.0
16653,-114.0
16654,-181.0
16655,-182.0
16656,-146.0
16657,-143.0
16658,-114.0
16659,-143.0
16660,-150.0
16661,-117.0
16662,-140.0
16663,-117.0
16664,-151.0
16665,-178.0
16666,-143.0
16667,-142.0
16668,-141.0
16669,-144.0
16670,-144.0
16671,-113.0
16672,-118.0
16673,-113.0
16674,-113.0
16675,-147.0
16676,-155.0
16677,-115.0
16678,-177.0
16679,-182.0
16680,-179.0
16681,-113.0
16682,-114.0
16683,-114.0
16684,-113.0
16685,-176.0
16686,-146.0
16687,-146.0
16688,-153.0
16689,-142.0
16690,-142.0
16691,-155.0
16692,-159.0
16693,-162.0
16694,-142.0
16695,-158.0
16696,-162.0
16697,-113.0
16698,-113.0
16699,-177.0
16700,-114.0
16701,-113.0
16702,-145.0
16703,-152.0
16704,-148.0
16705,-116.0
16706,-146.0
16707,-113.0
16708,-141.0
16709,-116.0
16710,-112.0
16711,-157.0
16712,-165.0
16713,-151.0
16714,-151.0
16715,-157.0
16716,-174.0
16717,-153.0
16718,-154.0
16719,-149.0
16720,-158.0
16721,-139.0
16722,-156.0
16723,-159.0
16724,-165.0
16725,-179.0
16726,-113.0
16727,-147.0
16728,-142.0
16729,-139.0
16730,-149.0
16731,-161.0
16732,-141.0
16733,-142.0
16734,-173.0
16735,-142.0
16736,-139.0
16737,-154.0
16738,-114.0
16739,-174.0
16740,-141.0
16741,-158.0
16742,-142.0
16743,-153.0
16744,-174.0
16745,-114.0
16746,-143.0
16747,-138.0
16748,-113.0
16749,-147.0
16750,-156.0
16751,-114.0
16752,-156.0
16753,-158.0
16754,-151.0
16755,-139.0
16756,-152.0
16757,-138.0
16758,-165.0
16759,-143.0
16760,-160.0
16761,-113.0
16762,-178.0
16763,-156.0
16764,-142.0
16765,-141.0
16766,-163.0
16767,-113.0
16768,-148.0
16769,-138.0
16770,-117.0
16771,-142.0
16772,-157.0
16773,-161.0
16774,-112.0
16775,-112.0
16776,-140.0
16777,-153.0
16778,-144.0
16779,-161.0
16780,-142.0
16781,-113.0
16782,-157.0
16783,-169.0
16784,-168.0
16785,-156.0
16786,-113.0
16787,-176.0
16788,-169.0
16789,-167.0
16790,-165.0
16791,-168.0
16792,-143.0
16793,-163.0
16794,-148.0
16795,-147.0
16796,-141.0
16797,-146.0
16798,-143.0
16799,-145.0
16800,-169.0
16801,-152.0
16802,-168.0
16803,-143.0
16804,-165.0
16805,-144.0
16806,-162.0
16807,-162.0
16808,-144.0
16809,-161.0
16810,-144.0
16811,-146.0
16812,-141.0
16813,-200.0
16814,-141.0
16815,-200.0
16816,-200.0
16817,-198.0
16818,-180.0
16819,-173.0
16820,-161.0
16821,-175.0
16822,-176.0
16823,-161.0
16824,-170.0
16825,-143.0
16826,-167.0
16827,-145.0
16828,-159.0
16829,-140.0
16830,-172.0
16831,-140.0
16832,-141.0
16833,-143.0
16834,-140.0
16835,-145.0
16836,-166.0
16837,-200.0
16838,-139.0
16839,-200.0
16840,-200.0
16841,-165.0
16842,-175.0
16843,-146.0
16844,-145.0
16845,-172.0
16846,-200.0
16847,-171.0
16848,-143.0
16849,-176.0
16850,-170.0
16851,-166.0
16852,-176.0
16853,-164.0
16854,-158.0
16855,-175.0
16856,-176.0
16857,-200.0
16858,-165.0
16859,-146.0
16860,-200.0
16861,-163.0
16862,-166.0
16863,-171.0
16864,-200.0
16865,-147.0
16866,-177.0
16867,-178.0
16868,-200.0
16869,-149.0
16870,-186.0
16871,-178.0
16872,-174.0
16873,-166.0
16874,-170.0
16875,-200.0
16876,-143.0
16877,-187.0
16878,-200.0
16879,-200.0
16880,-182.0
16881,-165.0
16882,-200.0
16883,-142.0
16884,-176.0
16885,-142.0
16886,-142.0
16887,-170.0
16888,-177.0
16889,-143.0
16890,-140.0
16891,-140.0
16892,-144.0
16893,-169.0
16894,-200.0
16895,-200.0
16896,-196.0
16897,-165.0
16898,-169.0
16899,-118.0
16900,-187.0
16901,-193.0
16902,-200.0
16903,-167.0
16904,-161.0
16905,-179.0
16906,-177.0
16907,-118.0
16908,-167.0
16909,-200.0
16910,-176.0
16911,-177.0
16912,-200.0
16913,-179.0
16914,-169.0
16915,-165.0
16916,-113.0
16917,-165.0
16918,-165.0
16919,-167.0
16920,-154.0
16921,-116.0
16922,-111.0
16923,-183.0
16924,-169.0
16925,-168.0
16926,-131.0
16927,-113.0
16928,-180.0
16929,-165.0
16930,-113.0
16931,-163.0
16932,-118.0
16933,-172.0
16934,-187.0
16935,-114.0
16936,-115.0
16937,-186.0
16938,-116.0
16939,-114.0
16940,-180.0
16941,-177.0
16942,-114.0
16943,-120.0
16944,-167.0
16945,-170.0
16946,-113.0
16947,-162.0
16948,-146.0
16949,-200.0
16950,-200.0
16951,-177.0
16952,-120.0
16953,-123.0
16954,-167.0
16955,-115.0
16956,-171.0
16957,-162.0
16958,-178.0
16959,-177.0
16960,-164.0
16961,-162.0
16962,-116.0
16963,-167.0
16964,-121.0
16965,-164.0
16966,-127.0
16967,-164.0
16968,-170.0
16969,-115.0
16970,-173.0
16971,-170.0
16972,-178.0
16973,-177.0
16974,-176.0
16975,-118.0
16976,-164.0
16977,-153.0
16978,-164.0
16979,-167.0
16980,-113.0
16981,-177.0
16982,-160.0
16983,-171.0
16984,-169.0
16985,-165.0
16986,-162.0
16987,-171.0
16988,-187.0
16989,-175.0
16990,-168.0
16991,-165.0
16992,-170.0
16993,-178.0
16994,-176.0
16995,-182.0
16996,-112.0
16997,-174.0
16998,-113.0
16999,-161.0
17000,-113.0
17001,-181.0
17002,-183.0
17003,-178.0
17004,-169.0
17005,-114.0
17006,-178.0
17007,-182.0
17008,-112.0
17009,-179.0
17010,-181.0
17011,-175.0
17012,-175.0
17013,-163.0
17014,-178.0
17015,-174.0
17016,-173.0
17017,-180.0
17018,-112.0
17019,-176.0
17020,-174.0
17021,-161.0
17022,-157.0
17023,-176.0
17024,-178.0
17025,-111.0
17026,-175.0
17027,-113.0
17028,-167.0
17029,-173.0
17030,-165.0
17031,-180.0
17032,-165.0
17033,-165.0
17034,-173.0
17035,-182.0
17036,-169.0
17037,-174.0
17038,-171.0
17039,-113.0
17040,-160.0
17041,-172.0
17042,-164.0
17043,-162.0
17044,-167.0
17045,-164.0
17046,-173.0
17047,-162.0
17048,-171.0
17049,-172.0
17050,-171.0
17051,-169.0
17052,-171.0
17053,-167.0
17054,-171.0
17055,-164.0
17056,-171.0
17057,-162.0
17058,-171.0
17059,-161.0
17060,-166.0
17061,-170.0
17062,-169.0
17063,-169.0
17064,-165.0
17065,-171.0
17066,-164.0
17067,-169.0
17068,-173.0
17069,-165.0
17070,-161.0
17071,-166.0
17072,-159.0
17073,-166.0
17074,-165.0
17075,-164.0
17076,-165.0
17077,-163.0
17078,-163.0
17079,-168.0
17080,-165.0
17081,-170.0
17082,-163.0
17083,-163.0
17084,-164.0
17085,-169.0
17086,-166.0
17087,-164.0
17088,-172.0
17089,-164.0
17090,-166.0
17091,-166.0
17092,-164.0
17093,-167.0
17094,-161.0
17095,-168.0
17096,-166.0
17097,-174.0
17098,-164.0
17099,-165.0
17100,-161.0
17101,-170.0
17102,-170.0
17103,-167.0
17104,-164.0
17105,-168.0
17106,-168.0
17107,-174.0
17108,-165.0
17109,-164.0
17110,-165.0
17111,-165.0
17112,-164.0
17113,-166.0
17114,-163.0
17115,-161.0
17116,-170.0
17117,-141.0
17118,-167.0
17119,-161.0
17120,-170.0
17121,-162.0
17122,-168.0
17123,-168.0
17124,-166.0
17125,-164.0
17126,-168.0
17127,-159.0
17128,-165.0
17129,-166.0
17130,-166.0
17131,-161.0
17132,-166.0
17133,-166.0
17134,-171.0
17135,-173.0
17136,-162.0
17137,-161.0
17138,-170.0
17139,-171.0
17140,-167.0
17141,-143.0
17142,-141.0
17143,-169.0
17144,-200.0
17145,-142.0
17146,-200.0
17147,-168.0
17148,-199.0
17149,-168.0
17150,-183.0
17151,-165.0
17152,-141.0
17153,-170.0
17154,-170.0
17155,-168.0
17156,-142.0
17157,-200.0
17158,-141.0
17159,-172.0
17160,-171.0
17161,-167.0
17162,-170.0
17163,-160.0
17164,-200.0
17165,-144.0
17166,-141.0
17167,-181.0
17168,-142.0
17169,-142.0
17170,-170.0
17171,-142.0
17172,-168.0
17173,-187.0
17174,-142.0
17175,-143.0
17176,-200.0
17177,-200.0
17178,-169.0
17179,-175.0
17180,-164.0
17181,-168.0
17182,-170.0
17183,-167.0
17184,-173.0
17185,-169.0
17186,-172.0
17187,-165.0
17188,-177.0
17189,-170.0
17190,-168.0
17191,-171.0
17192,-166.0
17193,-173.0
17194,-170.0
17195,-164.0
17196,-175.0
17197,-177.0
17198,-172.0
17199,-171.0
17200,-163.0
17201,-178.0
17202,-174.0
17203,-172.0
17204,-162.0
17205,-178.0
17206,-176.0
17207,-113.0
17208,-167.0
17209,-170.0
17210,-171.0
17211,-169.0
17212,-168.0
17213,-166.0
17214,-173.0
17215,-172.0
17216,-174.0
17217,-169.0
17218,-168.0
17219,-177.0
17220,-178.0
17221,-175.0
17222,-116.0
17223,-175.0
17224,-159.0
17225,-170.0
17226,-170.0
17227,-200.0
17228,-178.0
17229,-141.0
17230,-141.0
17231,-175.0
17232,-176.0
17233,-174.0
17234,-168.0
17235,-141.0
17236,-173.0
17237,-171.0
17238,-200.0
17239,-200.0
17240,-142.0
17241,-175.0
17242,-168.0
17243,-165.0
17244,-200.0
17245,-200.0
17246,-156.0
17247,-143.0
17248,-141.0
17249,-174.0
17250,-152.0
17251,-144.0
17252,-141.0
17253,-172.0
17254,-153.0
17255,-142.0
17256,-143.0
17257,-140.0
17258,-142.0
17259,-140.0
17260,-139.0
17261,-145.0
17262,-140.0
17263,-141.0
17264,-145.0
17265,-144.0
17266,-137.0
17267,-143.0
17268,-139.0
17269,-137.0
17270,-144.0
17271,-140.0
17272,-143.0
17273,-144.0
17274,-145.0
17275,-140.0
17276,-143.0
17277,-173.0
17278,-143.0
17279,-138.0
17280,-140.0
17281,-142.0
17282,-136.0
17283,-146.0
17284,-142.0
17285,-141.0
17286,-154.0
17287,-143.0
17288,-138.0
17289,-142.0
17290,-140.0
17291,-145.0
17292,-141.0
17293,-146.0
17294,-171.0
17295,-143.0
17296,-200.0
17297,-147.0
17298,-146.0
17299,-160.0
17300,-151.0
17301,-149.0
17302,-148.0
17303,-153.0
17304,-171.0
17305,-140.0
17306,-142.0
17307,-147.0
17308,-140.0
17309,-150.0
17310,-140.0
17311,-145.0
17312,-144.0
17313,-148.0
17314,-148.0
17315,-145.0
17316,-147.0
17317,-149.0
17318,-148.0
17319,-150.0
17320,-150.0
17321,-152.0
17322,-155.0
17323,-148.0
17324,-140.0
17325,-143.0
17326,-145.0
17327,-148.0
17328,-139.0
17329,-137.0
17330,-137.0
17331,-142.0
17332,-143.0
17333,-139.0
17334,-149.0
17335,-139.0
17336,-175.0
17337,-151.0
17338,-151.0
17339,-156.0
17340,-146.0
17341,-139.0
17342,-145.0
17343,-143.0
17344,-143.0
17345,-200.0
17346,-142.0
17347,-145.0
17348,-147.0
17349,-151.0
17350,-144.0
17351,-141.0
17352,-142.0
17353,-152.0
17354,-150.0
17355,-143.0
17356,-146.0
17357,-149.0
17358,-146.0
17359,-140.0
17360,-142.0
17361,-140.0
17362,-147.0
17363,-147.0
17364,-158.0
17365,-151.0
17366,-150.0
17367,-150.0
17368,-152.0
17369,-200.0
17370,-149.0
17371,-200.0
17372,-151.0
17373,-200.0
17374,-200.0
17375,-200.0
17376,-142.0
17377,-149.0
17378,-142.0
17379,-171.0
17380,-145.0
17381,-171.0
17382,-172.0
17383,-141.0
17384,-138.0
17385,-138.0
17386,-171.0
17387,-147.0
17388,-200.0
17389,-147.0
17390,-138.0
17391,-146.0
17392,-139.0
17393,-200.0
17394,-147.0
17395,-145.0
17396,-143.0
17397,-146.0
17398,-140.0
17399,-139.0
17400,-142.0
17401,-200.0
17402,-153.0
17403,-200.0
17404,-142.0
17405,-138.0
17406,-146.0
17407,-171.0
17408,-174.0
17409,-200.0
17410,-200.0
17411,-136.0
17412,-175.0
17413,-139.0
17414,-150.0
17415,-152.0
17416,-148.0
17417,-200.0
17418,-152.0
17419,-200.0
17420,-144.0
17421,-149.0
17422,-200.0
17423,-146.0
17424,-144.0
17425,-200.0
17426,-171.0
17427,-200.0
17428,-156.0
17429,-148.0
17430,-152.0
17431,-200.0
17432,-178.0
17433,-136.0
17434,-141.0
17435,-181.0
17436,-200.0
17437,-142.0
17438,-149.0
17439,-140.0
17440,-143.0
17441,-150.0
17442,-154.0
17443,-152.0
17444,-150.0
17445,-144.0
17446,-200.0
17447,-147.0
17448,-145.0
17449,-152.0
17450,-146.0
17451,-152.0
17452,-160.0
17453,-149.0
17454,-147.0
17455,-147.0
17456,-172.0
17457,-149.0
17458,-148.0
17459,-149.0
17460,-151.0
17461,-152.0
17462,-146.0
17463,-154.0
17464,-179.0
17465,-152.0
17466,-200.0
17467,-151.0
17468,-173.0
17469,-147.0
17470,-200.0
17471,-200.0
17472,-200.0
17473,-171.0
17474,-171.0
17475,-196.0
17476,-147.0
17477,-149.0
17478,-149.0
17479,-200.0
17480,-151.0
17481,-154.0
17482,-200.0
17483,-141.0
17484,-150.0
17485,-149.0
17486,-148.0
17487,-146.0
17488,-150.0
17489,-144.0
17490,-155.0
17491,-151.0
17492,-152.0
17493,-144.0
17494,-143.0
17495,-146.0
17496,-148.0
17497,-142.0
17498,-152.0
17499,-143.0
17500,-150.0
17501,-149.0
17502,-154.0
17503,-154.0
17504,-176.0
17505,-148.0
17506,-151.0
17507,-151.0
17508,-153.0
17509,-148.0
17510,-143.0
17511,-147.0
17512,-174.0
17513,-146.0
17514,-147.0
17515,-153.0
17516,-147.0
17517,-151.0
17518,-146.0
17519,-148.0
17520,-146.0
17521,-148.0
17522,-154.0
17523,-146.0
17524,-148.0
17525,-152.0
17526,-149.0
17527,-155.0
17528,-149.0
17529,-145.0
17530,-152.0
17531,-149.0
17532,-147.0
17533,-153.0
17534,-149.0
17535,-174.0
17536,-175.0
17537,-171.0
17538,-149.0
17539,-141.0
17540,-154.0
17541,-145.0
17542,-144.0
17543,-144.0
17544,-142.0
17545,-143.0
17546,-142.0
17547,-139.0
17548,-145.0
17549,-148.0
17550,-143.0
17551,-145.0
17552,-146.0
17553,-147.0
17554,-144.0
17555,-146.0
17556,-141.0
17557,-143.0
17558,-139.0
17559,-144.0
17560,-146.0
17561,-139.0
17562,-144.0
17563,-138.0
17564,-144.0
17565,-144.0
17566,-143.0
17567,-142.0
17568,-143.0
17569,-145.0
17570,-170.0
17571,-145.0
17572,-142.0
17573,-143.0
17574,-141.0
17575,-143.0
17576,-144.0
17577,-144.0
17578,-171.0
17579,-148.0
17580,-174.0
17581,-139.0
17582,-151.0
17583,-139.0
17584,-147.0
17585,-148.0
17586,-140.0
17587,-137.0
17588,-141.0
17589,-148.0
17590,-140.0
17591,-150.0
17592,-143.0
17593,-141.0
17594,-146.0
17595,-145.0
17596,-174.0
17597,-146.0
17598,-149.0
17599,-144.0
17600,-146.0
17601,-145.0
17602,-146.0
17603,-148.0
17604,-146.0
17605,-150.0
17606,-145.0
17607,-144.0
17608,-144.0
17609,-150.0
17610,-148.0
17611,-145.0
17612,-143.0
17613,-139.0
17614,-138.0
17615,-146.0
17616,-141.0
17617,-139.0
17618,-144.0
17619,-137.0
17620,-150.0
17621,-145.0
17622,-153.0
17623,-142.0
17624,-140.0
17625,-140.0
17626,-141.0
17627,-175.0
17628,-146.0
17629,-140.0
17630,-149.0
17631,-143.0
17632,-147.0
17633,-141.0
17634,-144.0
17635,-146.0
17636,-153.0
17637,-147.0
17638,-149.0
17639,-146.0
17640,-143.0
17641,-176.0
17642,-151.0
17643,-148.0
17644,-143.0
17645,-140.0
17646,-148.0
17647,-144.0
17648,-150.0
17649,-145.0
17650,-137.0
17651,-144.0
17652,-146.0
17653,-148.0
17654,-145.0
17655,-146.0
17656,-140.0
17657,-144.0
17658,-140.0
17659,-144.0
17660,-153.0
17661,-147.0
17662,-147.0
17663,-142.0
17664,-138.0
17665,-141.0
17666,-200.0
17667,-143.0
17668,-141.0
17669,-138.0
17670,-140.0
17671,-147.0
17672,-146.0
17673,-148.0
17674,-137.0
17675,-146.0
17676,-147.0
17677,-147.0
17678,-145.0
17679,-177.0
17680,-146.0
17681,-148.0
17682,-136.0
17683,-147.0
17684,-149.0
17685,-177.0
17686,-173.0
17687,-149.0
17688,-138.0
17689,-138.0
17690,-145.0
17691,-139.0
17692,-147.0
17693,-149.0
17694,-145.0
17695,-176.0
17696,-143.0
17697,-147.0
17698,-141.0
17699,-139.0
17700,-149.0
17701,-149.0
17702,-146.0
17703,-137.0
17704,-139.0
17705,-146.0
17706,-148.0
17707,-139.0
17708,-148.0
17709,-141.0
17710,-177.0
17711,-139.0
17712,-145.0
17713,-143.0
17714,-143.0
17715,-140.0
17716,-138.0
17717,-147.0
17718,-143.0
17719,-147.0
17720,-151.0
17721,-136.0
17722,-138.0
17723,-174.0
17724,-138.0
17725,-144.0
17726,-137.0
17727,-147.0
17728,-140.0
17729,-140.0
17730,-154.0
17731,-137.0
17732,-138.0
17733,-139.0
17734,-146.0
17735,-146.0
17736,-142.0
17737,-137.0
17738,-141.0
17739,-137.0
17740,-146.0
17741,-149.0
17742,-137.0
17743,-147.0
17744,-148.0
17745,-151.0
17746,-148.0
17747,-137.0
17748,-148.0
17749,-151.0
17750,-141.0
17751,-151.0
17752,-138.0
17753,-147.0
17754,-149.0
17755,-138.0
17756,-140.0
17757,-151.0
17758,-147.0
17759,-149.0
17760,-144.0
17761,-142.0
17762,-139.0
17763,-144.0
17764,-136.0
17765,-144.0
17766,-139.0
17767,-137.0
17768,-144.0
17769,-142.0
17770,-141.0
17771,-137.0
17772,-142.0
17773,-148.0
17774,-140.0
17775,-145.0
17776,-144.0
17777,-143.0
17778,-139.0
17779,-143.0
17780,-141.0
17781,-151.0
17782,-146.0
17783,-138.0
17784,-137.0
17785,-143.0
17786,-143.0
17787,-138.0
17788,-139.0
17789,-142.0
17790,-141.0
17791,-141.0
17792,-137.0
17793,-138.0
17794,-145.0
17795,-145.0
17796,-138.0
17797,-144.0
17798,-143.0
17799,-138.0
17800,-137.0
17801,-137.0
17802,-146.0
17803,-137.0
17804,-140.0
17805,-141.0
17806,-138.0
17807,-142.0
17808,-140.0
17809,-146.0
17810,-141.0
17811,-144.0
17812,-143.0
17813,-141.0
17814,-140.0
17815,-149.0
17816,-138.0
17817,-140.0
17818,-140.0
17819,-138.0
17820,-145.0
17821,-146.0
17822,-139.0
17823,-146.0
17824,-150.0
17825,-141.0
17826,-138.0
17827,-136.0
17828,-136.0
17829,-138.0
17830,-138.0
17831,-139.0
17832,-145.0
17833,-144.0
17834,-143.0
17835,-140.0
17836,-149.0
17837,-137.0
17838,-142.0
17839,-143.0
17840,-145.0
17841,-142.0
17842,-143.0
17843,-140.0
17844,-137.0
17845,-143.0
17846,-149.0
17847,-144.0
17848,-140.0
17849,-139.0
17850,-142.0
17851,-142.0
17852,-140.0
17853,-138.0
17854,-140.0
17855,-140.0
17856,-144.0
17857,-149.0
17858,-174.0
17859,-146.0
17860,-141.0
17861,-142.0
17862,-138.0
17863,-144.0
17864,-139.0
17865,-138.0
17866,-142.0
17867,-139.0
17868,-141.0
17869,-141.0
17870,-139.0
17871,-140.0
17872,-141.0
17873,-182.0
17874,-144.0
17875,-142.0
17876,-180.0
17877,-147.0
17878,-142.0
17879,-138.0
17880,-150.0
17881,-139.0
17882,-140.0
17883,-143.0
17884,-146.0
17885,-139.0
17886,-155.0
17887,-141.0
17888,-139.0
17889,-152.0
17890,-140.0
17891,-138.0
17892,-138.0
17893,-141.0
17894,-137.0
17895,-138.0
17896,-152.0
17897,-178.0
17898,-149.0
17899,-144.0
17900,-139.0
17901,-140.0
17902,-140.0
17903,-140.0
17904,-139.0
17905,-140.0
17906,-149.0
17907,-146.0
17908,-177.0
17909,-137.0
17910,-141.0
17911,-139.0
17912,-143.0
17913,-178.0
17914,-137.0
17915,-147.0
17916,-148.0
17917,-152.0
17918,-146.0
17919,-179.0
17920,-174.0
17921,-140.0
17922,-177.0
17923,-141.0
17924,-153.0
17925,-178.0
17926,-144.0
17927,-153.0
17928,-142.0
17929,-141.0
17930,-142.0
17931,-138.0
17932,-140.0
17933,-150.0
17934,-144.0
17935,-137.0
17936,-136.0
17937,-137.0
17938,-148.0
17939,-142.0
17940,-140.0
17941,-148.0
17942,-139.0
17943,-141.0
17944,-143.0
17945,-146.0
17946,-142.0
17947,-143.0
17948,-137.0
17949,-150.0
17950,-143.0
17951,-150.0
17952,-140.0
17953,-143.0
17954,-139.0
17955,-144.0
17956,-142.0
17957,-136.0
17958,-143.0
17959,-141.0
17960,-143.0
17961,-150.0
17962,-186.0
17963,-150.0
17964,-141.0
17965,-137.0
17966,-178.0
17967,-179.0
17968,-147.0
17969,-139.0
17970,-145.0
17971,-147.0
17972,-138.0
17973,-140.0
17974,-137.0
17975,-138.0
17976,-143.0
17977,-139.0
17978,-136.0
17979,-143.0
17980,-149.0
17981,-141.0
17982,-140.0
17983,-147.0
17984,-147.0
17985,-140.0
17986,-138.0
17987,-140.0
17988,-147.0
17989,-139.0
17990,-141.0
17991,-146.0
17992,-137.0
17993,-137.0
17994,-140.0
17995,-140.0
17996,-150.0
17997,-143.0
17998,-145.0
17999,-140.0
18000,-136.0
18001,-149.0
18002,-144.0
18003,-138.0
18004,-142.0
18005,-140.0
18006,-137.0
18007,-137.0
18008,-140.0
18009,-141.0
18010,-175.0
18011,-146.0
18012,-138.0
18013,-176.0
18014,-143.0
18015,-146.0
18016,-144.0
18017,-144.0
18018,-149.0
18019,-142.0
18020,-148.0
18021,-141.0
18022,-149.0
18023,-178.0
18024,-140.0
18025,-138.0
18026,-140.0
18027,-138.0
18028,-143.0
18029,-144.0
18030,-144.0
18031,-142.0
18032,-141.0
18033,-147.0
18034,-180.0
18035,-142.0
18036,-140.0
18037,-138.0
18038,-143.0
18039,-140.0
18040,-140.0
18041,-138.0
18042,-145.0
18043,-139.0
18044,-146.0
18045,-144.0
18046,-146.0
18047,-141.0
18048,-146.0
18049,-137.0
18050,-147.0
18051,-140.0
18052,-144.0
18053,-137.0
18054,-138.0
18055,-142.0
18056,-146.0
18057,-146.0
18058,-143.0
18059,-144.0
18060,-142.0
18061,-147.0
18062,-137.0
18063,-149.0
18064,-141.0
18065,-141.0
18066,-149.0
18067,-137.0
18068,-145.0
18069,-139.0
18070,-149.0
18071,-146.0
18072,-142.0
18073,-137.0
18074,-143.0
18075,-153.0
18076,-139.0
18077,-138.0
18078,-147.0
18079,-153.0
18080,-154.0
18081,-185.0
18082,-143.0
18083,-143.0
18084,-180.0
18085,-143.0
18086,-140.0
18087,-139.0
18088,-137.0
18089,-143.0
18090,-142.0
18091,-143.0
18092,-145.0
18093,-185.0
18094,-143.0
18095,-143.0
18096,-143.0
18097,-143.0
18098,-145.0
18099,-136.0
18100,-145.0
18101,-111.0
18102,-138.0
18103,-141.0
18104,-143.0
18105,-137.0
18106,-140.0
18107,-149.0
18108,-147.0
18109,-137.0
18110,-144.0
18111,-145.0
18112,-140.0
18113,-180.0
18114,-142.0
18115,-144.0
18116,-182.0
18117,-137.0
18118,-143.0
18119,-141.0
18120,-183.0
18121,-141.0
18122,-138.0
18123,-142.0
18124,-141.0
18125,-143.0
18126,-146.0
18127,-141.0
18128,-140.0
18129,-144.0
18130,-149.0
18131,-139.0
18132,-148.0
18133,-143.0
18134,-139.0
18135,-140.0
18136,-113.0
18137,-143.0
18138,-139.0
18139,-141.0
18140,-139.0
18141,-146.0
18142,-144.0
18143,-147.0
18144,-141.0
18145,-140.0
18146,-145.0
18147,-140.0
18148,-140.0
18149,-144.0
18150,-141.0
18151,-138.0
18152,-141.0
18153,-143.0
18154,-143.0
18155,-142.0
18156,-141.0
18157,-139.0
18158,-145.0
18159,-146.0
18160,-138.0
18161,-142.0
18162,-141.0
18163,-110.0
18164,-143.0
18165,-142.0
18166,-141.0
18167,-137.0
18168,-177.0
18169,-141.0
18170,-139.0
18171,-146.0
18172,-149.0
18173,-145.0
18174,-140.0
18175,-139.0
18176,-149.0
18177,-140.0
18178,-151.0
18179,-138.0
18180,-137.0
18181,-137.0
18182,-153.0
18183,-136.0
18184,-151.0
18185,-141.0
18186,-144.0
18187,-153.0
18188,-139.0
18189,-145.0
18190,-145.0
18191,-144.0
18192,-137.0
18193,-141.0
18194,-183.0
18195,-141.0
18196,-141.0
18197,-141.0
18198,-145.0
18199,-141.0
18200,-138.0
18201,-190.0
18202,-138.0
18203,-140.0
18204,-140.0
18205,-145.0
18206,-149.0
18207,-141.0
18208,-139.0
18209,-141.0
18210,-140.0
18211,-145.0
18212,-144.0
18213,-138.0
18214,-142.0
18215,-149.0
18216,-141.0
18217,-137.0
18218,-139.0
18219,-137.0
18220,-181.0
18221,-139.0
18222,-111.0
18223,-141.0
18224,-141.0
18225,-138.0
18226,-138.0
18227,-141.0
18228,-140.0
18229,-141.0
18230,-142.0
18231,-143.0
18232,-139.0
18233,-150.0
18234,-141.0
18235,-141.0
18236,-137.0
18237,-140.0
18238,-141.0
18239,-144.0
18240,-138.0
18241,-152.0
18242,-150.0
18243,-174.0
18244,-149.0
18245,-150.0
18246,-138.0
18247,-142.0
18248,-140.0
18249,-111.0
18250,-140.0
18251,-144.0
18252,-137.0
18253,-143.0
18254,-137.0
18255,-138.0
18256,-145.0
18257,-143.0
18258,-138.0
18259,-176.0
18260,-143.0
18261,-178.0
18262,-143.0
18263,-151.0
18264,-137.0
18265,-143.0
18266,-116.0
18267,-140.0
18268,-140.0
18269,-140.0
18270,-140.0
18271,-144.0
18272,-149.0
18273,-138.0
18274,-150.0
18275,-141.0
18276,-142.0
18277,-139.0
18278,-140.0
18279,-152.0
18280,-141.0
18281,-141.0
18282,-144.0
18283,-150.0
18284,-140.0
18285,-145.0
18286,-144.0
18287,-142.0
18288,-152.0
18289,-145.0
18290,-141.0
18291,-140.0
18292,-150.0
18293,-139.0
18294,-148.0
18295,-141.0
18296,-142.0
18297,-144.0
18298,-138.0
18299,-142.0
18300,-112.0
18301,-144.0
18302,-110.0
18303,-142.0
18304,-143.0
18305,-141.0
18306,-138.0
18307,-138.0
18308,-144.0
18309,-144.0
18310,-139.0
18311,-141.0
18312,-141.0
18313,-144.0
18314,-139.0
18315,-141.0
18316,-114.0
18317,-173.0
18318,-145.0
18319,-144.0
18320,-138.0
18321,-145.0
18322,-141.0
18323,-146.0
18324,-151.0
18325,-142.0
18326,-140.0
18327,-143.0
18328,-141.0
18329,-141.0
18330,-144.0
18331,-144.0
18332,-143.0
18333,-139.0
18334,-138.0
18335,-142.0
18336,-143.0
18337,-177.0
18338,-138.0
18339,-141.0
18340,-151.0
18341,-137.0
18342,-140.0
18343,-174.0
18344,-143.0
18345,-138.0
18346,-141.0
18347,-175.0
18348,-175.0
18349,-140.0
18350,-141.0
18351,-145.0
18352,-142.0
18353,-143.0
18354,-142.0
18355,-141.0
18356,-139.0
18357,-137.0
18358,-140.0
18359,-141.0
18360,-142.0
18361,-173.0
18362,-174.0
18363,-137.0
18364,-141.0
18365,-144.0
18366,-142.0
18367,-153.0
18368,-138.0
18369,-141.0
18370,-179.0
18371,-141.0
18372,-137.0
18373,-139.0
18374,-143.0
18375,-140.0
18376,-142.0
18377,-139.0
18378,-145.0
18379,-143.0
18380,-139.0
18381,-141.0
18382,-141.0
18383,-144.0
18384,-140.0
18385,-143.0
18386,-136.0
18387,-140.0
18388,-154.0
18389,-140.0
18390,-141.0
18391,-141.0
18392,-142.0
18393,-173.0
18394,-149.0
18395,-142.0
18396,-145.0
18397,-137.0
18398,-139.0
18399,-142.0
18400,-140.0
18401,-140.0
18402,-174.0
18403,-144.0
18404,-140.0
18405,-137.0
18406,-141.0
18407,-142.0
18408,-142.0
18409,-137.0
18410,-143.0
18411,-140.0
18412,-143.0
18413,-137.0
18414,-140.0
18415,-151.0
18416,-143.0
18417,-144.0
18418,-138.0
18419,-140.0
18420,-140.0
18421,-141.0
18422,-143.0
18423,-143.0
18424,-146.0
18425,-148.0
18426,-139.0
18427,-138.0
18428,-141.0
18429,-137.0
18430,-138.0
18431,-139.0
18432,-142.0
18433,-147.0
18434,-138.0
18435,-143.0
18436,-145.0
18437,-140.0
18438,-145.0
18439,-138.0
18440,-144.0
18441,-147.0
18442,-146.0
18443,-141.0
18444,-143.0
18445,-149.0
18446,-139.0
18447,-149.0
18448,-138.0
18449,-146.0
18450,-143.0
18451,-141.0
18452,-138.0
18453,-144.0
18454,-140.0
18455,-143.0
18456,-141.0
18457,-143.0
18458,-136.0
18459,-143.0
18460,-144.0
18461,-138.0
18462,-139.0
18463,-143.0
18464,-151.0
18465,-139.0
18466,-143.0
18467,-137.0
18468,-144.0
18469,-140.0
18470,-142.0
18471,-146.0
18472,-136.0
18473,-148.0
18474,-144.0
18475,-141.0
18476,-137.0
18477,-139.0
18478,-143.0
18479,-141.0
18480,-140.0
18481,-139.0
18482,-143.0
18483,-141.0
18484,-138.0
18485,-141.0
18486,-139.0
18487,-142.0
18488,-151.0
18489,-141.0
18490,-142.0
18491,-141.0
18492,-144.0
18493,-143.0
18494,-140.0
18495,-137.0
18496,-142.0
18497,-138.0
18498,-137.0
18499,-137.0
18500,-137.0
18501,-142.0
18502,-140.0
18503,-141.0
18504,-180.0
18505,-140.0
18506,-149.0
18507,-139.0
18508,-143.0
18509,-143.0
18510,-138.0
18511,-141.0
18512,-137.0
18513,-150.0
18514,-150.0
18515,-140.0
18516,-149.0
18517,-143.0
18518,-141.0
18519,-137.0
18520,-140.0
18521,-139.0
18522,-141.0
18523,-151.0
18524,-141.0
18525,-138.0
18526,-142.0
18527,-151.0
18528,-143.0
18529,-137.0
18530,-143.0
18531,-178.0
18532,-148.0
18533,-137.0
18534,-143.0
18535,-140.0
18536,-140.0
18537,-142.0
18538,-149.0
18539,-137.0
18540,-142.0
18541,-143.0
18542,-138.0
18543,-139.0
18544,-141.0
18545,-144.0
18546,-181.0
18547,-139.0
18548,-144.0
18549,-149.0
18550,-141.0
18551,-136.0
18552,-143.0
18553,-178.0
18554,-142.0
18555,-113.0
18556,-138.0
18557,-149.0
18558,-142.0
18559,-139.0
18560,-139.0
18561,-114.0
18562,-143.0
18563,-140.0
18564,-143.0
18565,-114.0
18566,-143.0
18567,-176.0
18568,-140.0
18569,-143.0
18570,-143.0
18571,-139.0
18572,-136.0
18573,-139.0
18574,-143.0
18575,-148.0
18576,-150.0
18577,-151.0
18578,-142.0
18579,-141.0
18580,-142.0
18581,-138.0
18582,-140.0
18583,-142.0
18584,-174.0
18585,-143.0
18586,-142.0
18587,-150.0
18588,-145.0
18589,-143.0
18590,-138.0
18591,-137.0
18592,-142.0
18593,-143.0
18594,-137.0
18595,-141.0
18596,-175.0
18597,-141.0
18598,-144.0
18599,-142.0
18600,-149.0
18601,-140.0
18602,-144.0
18603,-144.0
18604,-145.0
18605,-143.0
18606,-143.0
18607,-150.0
18608,-176.0
18609,-144.0
18610,-138.0
18611,-140.0
18612,-140.0
18613,-146.0
18614,-143.0
18615,-174.0
18616,-141.0
18617,-143.0
18618,-143.0
18619,-150.0
18620,-139.0
18621,-141.0
18622,-139.0
18623,-141.0
18624,-137.0
18625,-143.0
18626,-142.0
18627,-149.0
18628,-137.0
18629,-143.0
18630,-140.0
18631,-144.0
18632,-141.0
18633,-142.0
18634,-139.0
18635,-151.0
18636,-141.0
18637,-141.0
18638,-139.0
18639,-142.0
18640,-138.0
18641,-140.0
18642,-143.0
18643,-143.0
18644,-141.0
18645,-174.0
18646,-137.0
18647,-141.0
18648,-142.0
18649,-142.0
18650,-139.0
18651,-138.0
18652,-143.0
18653,-142.0
18654,-143.0
18655,-140.0
18656,-139.0
18657,-137.0
18658,-142.0
18659,-143.0
18660,-143.0
18661,-148.0
18662,-143.0
18663,-139.0
18664,-139.0
18665,-144.0
18666,-138.0
18667,-138.0
18668,-138.0
18669,-138.0
18670,-144.0
18671,-143.0
18672,-140.0
18673,-107.0
18674,-144.0
18675,-142.0
18676,-138.0
18677,-144.0
18678,-141.0
18679,-142.0
18680,-143.0
18681,-146.0
18682,-143.0
18683,-174.0
18684,-145.0
18685,-142.0
18686,-141.0
18687,-140.0
18688,-141.0
18689,-141.0
18690,-142.0
18691,-142.0
18692,-141.0
18693,-145.0
18694,-148.0
18695,-144.0
18696,-139.0
18697,-142.0
18698,-146.0
18699,-145.0
18700,-144.0
18701,-143.0
18702,-145.0
18703,-145.0
18704,-141.0
18705,-140.0
18706,-141.0
18707,-139.0
18708,-125.0
18709,-180.0
18710,-143.0
18711,-140.0
18712,-143.0
18713,-138.0
18714,-143.0
18715,-137.0
18716,-150.0
18717,-138.0
18718,-143.0
18719,-139.0
18720,-144.0
18721,-142.0
18722,-141.0
18723,-143.0
18724,-139.0
18725,-143.0
18726,-178.0
18727,-143.0
18728,-140.0
18729,-145.0
18730,-143.0
18731,-148.0
18732,-147.0
18733,-144.0
18734,-141.0
18735,-151.0
18736,-149.0
18737,-140.0
18738,-140.0
18739,-143.0
18740,-148.0
18741,-149.0
18742,-113.0
18743,-142.0
18744,-140.0
18745,-141.0
18746,-137.0
18747,-142.0
18748,-140.0
18749,-140.0
18750,-146.0
18751,-139.0
18752,-140.0
18753,-138.0
18754,-141.0
18755,-142.0
18756,-142.0
18757,-137.0
18758,-140.0
18759,-139.0
18760,-143.0
18761,-142.0
18762,-150.0
18763,-143.0
18764,-139.0
18765,-139.0
18766,-143.0
18767,-141.0
18768,-143.0
18769,-143.0
18770,-143.0
18771,-143.0
18772,-149.0
18773,-146.0
18774,-139.0
18775,-141.0
18776,-150.0
18777,-141.0
18778,-140.0
18779,-145.0
18780,-138.0
18781,-143.0
18782,-143.0
18783,-142.0
18784,-142.0
18785,-140.0
18786,-139.0
18787,-115.0
18788,-147.0
18789,-144.0
18790,-143.0
18791,-142.0
18792,-146.0
18793,-148.0
18794,-138.0
18795,-143.0
18796,-138.0
18797,-139.0
18798,-142.0
18799,-152.0
18800,-152.0
18801,-139.0
18802,-141.0
18803,-144.0
18804,-144.0
18805,-142.0
18806,-140.0
18807,-181.0
18808,-141.0
18809,-182.0
18810,-143.0
18811,-143.0
18812,-142.0
18813,-144.0
18814,-153.0
18815,-145.0
18816,-146.0
18817,-113.0
18818,-145.0
18819,-142.0
18820,-141.0
18821,-143.0
18822,-150.0
18823,-179.0
18824,-144.0
18825,-140.0
18826,-145.0
18827,-139.0
18828,-143.0
18829,-140.0
18830,-143.0
18831,-140.0
18832,-141.0
18833,-139.0
18834,-141.0
18835,-142.0
18836,-143.0
18837,-144.0
18838,-141.0
18839,-140.0
18840,-139.0
18841,-144.0
18842,-144.0
18843,-145.0
18844,-152.0
18845,-151.0
18846,-145.0
18847,-181.0
18848,-142.0
18849,-150.0
18850,-140.0
18851,-145.0
18852,-152.0
18853,-143.0
18854,-139.0
18855,-145.0
18856,-139.0
18857,-146.0
18858,-143.0
18859,-143.0
18860,-144.0
18861,-141.0
18862,-143.0
18863,-144.0
18864,-112.0
18865,-144.0
18866,-140.0
18867,-140.0
18868,-139.0
18869,-139.0
18870,-139.0
18871,-143.0
18872,-145.0
18873,-150.0
18874,-113.0
18875,-138.0
18876,-143.0
18877,-143.0
18878,-151.0
18879,-152.0
18880,-144.0
18881,-145.0
18882,-145.0
18883,-109.0
18884,-146.0
18885,-143.0
18886,-151.0
18887,-145.0
18888,-144.0
18889,-141.0
18890,-144.0
18891,-137.0
18892,-143.0
18893,-141.0
18894,-145.0
18895,-144.0
18896,-153.0
18897,-146.0
18898,-143.0
18899,-143.0
18900,-144.0
18901,-146.0
18902,-140.0
18903,-140.0
18904,-139.0
18905,-183.0
18906,-143.0
18907,-143.0
18908,-139.0
18909,-152.0
18910,-144.0
18911,-140.0
18912,-114.0
18913,-180.0
18914,-144.0
18915,-179.0
18916,-144.0
18917,-176.0
18918,-139.0
18919,-142.0
18920,-139.0
18921,-144.0
18922,-148.0
18923,-149.0
18924,-147.0
18925,-140.0
18926,-153.0
18927,-147.0
18928,-146.0
18929,-152.0
18930,-144.0
18931,-146.0
18932,-146.0
18933,-140.0
18934,-141.0
18935,-143.0
18936,-147.0
18937,-144.0
18938,-144.0
18939,-138.0
18940,-144.0
18941,-146.0
18942,-146.0
18943,-145.0
18944,-147.0
18945,-152.0
18946,-141.0
18947,-140.0
18948,-146.0
18949,-143.0
18950,-145.0
18951,-142.0
18952,-114.0
18953,-142.0
18954,-145.0
18955,-144.0
18956,-146.0
18957,-145.0
18958,-153.0
18959,-141.0
18960,-145.0
18961,-146.0
18962,-144.0
18963,-141.0
18964,-141.0
18965,-144.0
18966,-143.0
18967,-139.0
18968,-139.0
18969,-144.0
18970,-140.0
18971,-144.0
18972,-143.0
18973,-143.0
18974,-144.0
18975,-142.0
18976,-144.0
18977,-143.0
18978,-144.0
18979,-138.0
18980,-143.0
18981,-144.0
18982,-144.0
18983,-144.0
18984,-145.0
18985,-143.0
18986,-141.0
18987,-149.0
18988,-146.0
18989,-148.0
18990,-143.0
18991,-142.0
18992,-144.0
18993,-142.0
18994,-139.0
18995,-137.0
18996,-110.0
18997,-140.0
18998,-141.0
18999,-142.0
19000,-152.0
19001,-112.0
19002,-183.0
19003,-143.0
19004,-145.0
19005,-145.0
19006,-144.0
19007,-140.0
19008,-174.0
19009,-145.0
19010,-151.0
19011,-141.0
19012,-140.0
19013,-145.0
19014,-146.0
19015,-143.0
19016,-141.0
19017,-143.0
19018,-152.0
19019,-146.0
19020,-144.0
19021,-175.0
19022,-140.0
19023,-155.0
19024,-142.0
19025,-138.0
19026,-153.0
19027,-142.0
19028,-143.0
19029,-144.0
19030,-143.0
19031,-152.0
19032,-151.0
19033,-180.0
19034,-143.0
19035,-173.0
19036,-148.0
19037,-152.0
19038,-140.0
19039,-144.0
19040,-139.0
19041,-142.0
19042,-145.0
19043,-144.0
19044,-145.0
19045,-143.0
19046,-141.0
19047,-146.0
19048,-146.0
19049,-147.0
19050,-147.0
19051,-144.0
19052,-142.0
19053,-143.0
19054,-145.0
19055,-139.0
19056,-175.0
19057,-143.0
19058,-147.0
19059,-141.0
19060,-145.0
19061,-147.0
19062,-147.0
19063,-147.0
19064,-151.0
19065,-145.0
19066,-152.0
19067,-141.0
19068,-140.0
19069,-145.0
19070,-140.0
19071,-144.0
19072,-143.0
19073,-144.0
19074,-141.0
19075,-145.0
19076,-153.0
19077,-142.0
19078,-143.0
19079,-180.0
19080,-145.0
19081,-153.0
19082,-144.0
19083,-141.0
19084,-176.0
19085,-148.0
19086,-152.0
19087,-145.0
19088,-146.0
19089,-142.0
19090,-144.0
19091,-142.0
19092,-144.0
19093,-144.0
19094,-145.0
19095,-145.0
19096,-140.0
19097,-146.0
19098,-146.0
19099,-143.0
19100,-153.0
19101,-146.0
19102,-146.0
19103,-142.0
19104,-145.0
19105,-151.0
19106,-145.0
19107,-144.0
19108,-148.0
19109,-145.0
19110,-144.0
19111,-144.0
19112,-143.0
19113,-144.0
19114,-176.0
19115,-141.0
19116,-148.0
19117,-144.0
19118,-146.0
19119,-142.0
19120,-175.0
19121,-147.0
19122,-145.0
19123,-142.0
19124,-177.0
19125,-152.0
19126,-150.0
19127,-143.0
19128,-149.0
19129,-148.0
19130,-144.0
19131,-143.0
19132,-144.0
19133,-140.0
19134,-145.0
19135,-146.0
19136,-147.0
19137,-142.0
19138,-146.0
19139,-179.0
19140,-174.0
19141,-150.0
19142,-142.0
19143,-142.0
19144,-139.0
19145,-142.0
19146,-152.0
19147,-143.0
19148,-142.0
19149,-137.0
19150,-143.0
19151,-139.0
19152,-142.0
19153,-151.0
19154,-143.0
19155,-143.0
19156,-143.0
19157,-150.0
19158,-155.0
19159,-144.0
19160,-145.0
19161,-181.0
19162,-143.0
19163,-140.0
19164,-148.0
19165,-151.0
19166,-138.0
19167,-139.0
19168,-138.0
19169,-144.0
19170,-144.0
19171,-143.0
19172,-141.0
19173,-141.0
19174,-138.0
19175,-140.0
19176,-143.0
19177,-139.0
19178,-143.0
19179,-143.0
19180,-142.0
19181,-143.0
19182,-141.0
19183,-180.0
19184,-140.0
19185,-151.0
19186,-142.0
19187,-150.0
19188,-143.0
19189,-141.0
19190,-143.0
19191,-142.0
19192,-150.0
19193,-179.0
19194,-140.0
19195,-139.0
19196,-141.0
19197,-141.0
19198,-143.0
19199,-139.0
19200,-143.0
19201,-142.0
19202,-143.0
19203,-139.0
19204,-138.0
19205,-140.0
19206,-137.0
19207,-141.0
19208,-142.0
19209,-143.0
19210,-144.0
19211,-144.0
19212,-143.0
19213,-138.0
19214,-139.0
19215,-142.0
19216,-140.0
19217,-143.0
19218,-142.0
19219,-183.0
19220,-139.0
19221,-139.0
19222,-144.0
19223,-139.0
19224,-151.0
19225,-185.0
19226,-143.0
19227,-141.0
19228,-141.0
19229,-142.0
19230,-141.0
19231,-141.0
19232,-143.0
19233,-137.0
19234,-142.0
19235,-142.0
19236,-139.0
19237,-142.0
19238,-141.0
19239,-141.0
19240,-144.0
19241,-137.0
19242,-142.0
19243,-142.0
19244,-182.0
19245,-139.0
19246,-141.0
19247,-141.0
19248,-142.0
19249,-181.0
19250,-183.0
19251,-144.0
19252,-145.0
19253,-139.0
19254,-143.0
19255,-143.0
19256,-150.0
19257,-181.0
19258,-145.0
19259,-152.0
19260,-141.0
19261,-140.0
19262,-144.0
19263,-139.0
19264,-138.0
19265,-143.0
19266,-183.0
19267,-152.0
19268,-144.0
19269,-139.0
19270,-145.0
19271,-142.0
19272,-142.0
19273,-185.0
19274,-142.0
19275,-140.0
19276,-142.0
19277,-145.0
19278,-144.0
19279,-143.0
19280,-181.0
19281,-152.0
19282,-143.0
19283,-146.0
19284,-143.0
19285,-142.0
19286,-183.0
19287,-150.0
19288,-145.0
19289,-142.0
19290,-146.0
19291,-138.0
19292,-137.0
19293,-141.0
19294,-152.0
19295,-142.0
19296,-138.0
19297,-145.0
19298,-150.0
19299,-142.0
19300,-141.0
19301,-144.0
19302,-139.0
19303,-138.0
19304,-200.0
19305,-147.0
19306,-144.0
19307,-145.0
19308,-139.0
19309,-139.0
19310,-139.0
19311,-140.0
19312,-143.0
19313,-141.0
19314,-138.0
19315,-141.0
19316,-143.0
19317,-187.0
19318,-150.0
19319,-142.0
19320,-137.0
19321,-140.0
19322,-137.0
19323,-142.0
19324,-153.0
19325,-141.0
19326,-140.0
19327,-144.0
19328,-139.0
19329,-139.0
19330,-144.0
19331,-145.0
19332,-145.0
19333,-141.0
19334,-147.0
19335,-181.0
19336,-143.0
19337,-145.0
19338,-146.0
19339,-145.0
19340,-139.0
19341,-147.0
19342,-140.0
19343,-141.0
19344,-143.0
19345,-143.0
19346,-142.0
19347,-139.0
19348,-139.0
19349,-151.0
19350,-154.0
19351,-140.0
19352,-142.0
19353,-140.0
19354,-150.0
19355,-140.0
19356,-143.0
19357,-141.0
19358,-144.0
19359,-138.0
19360,-141.0
19361,-141.0
19362,-141.0
19363,-144.0
19364,-139.0
19365,-144.0
19366,-144.0
19367,-141.0
19368,-142.0
19369,-145.0
19370,-138.0
19371,-144.0
19372,-139.0
19373,-140.0
19374,-141.0
19375,-181.0
19376,-140.0
19377,-146.0
19378,-141.0
19379,-138.0
19380,-143.0
19381,-137.0
19382,-141.0
19383,-142.0
19384,-142.0
19385,-145.0
19386,-143.0
19387,-143.0
19388,-143.0
19389,-142.0
19390,-142.0
19391,-142.0
19392,-114.0
19393,-144.0
19394,-141.0
19395,-139.0
19396,-143.0
19397,-146.0
19398,-143.0
19399,-112.0
19400,-149.0
19401,-139.0
19402,-143.0
19403,-141.0
19404,-143.0
19405,-182.0
19406,-143.0
19407,-137.0
19408,-149.0
19409,-142.0
19410,-141.0
19411,-141.0
19412,-138.0
19413,-142.0
19414,-149.0
19415,-107.0
19416,-141.0
19417,-141.0
19418,-142.0
19419,-151.0
19420,-141.0
19421,-144.0
19422,-144.0
19423,-140.0
19424,-140.0
19425,-140.0
19426,-151.0
19427,-142.0
19428,-140.0
19429,-141.0
19430,-140.0
19431,-141.0
19432,-139.0
19433,-143.0
19434,-146.0
19435,-142.0
19436,-143.0
19437,-138.0
19438,-139.0
19439,-139.0
19440,-147.0
19441,-140.0
19442,-149.0
19443,-150.0
19444,-140.0
19445,-116.0
19446,-142.0
19447,-184.0
19448,-138.0
19449,-138.0
19450,-143.0
19451,-137.0
19452,-142.0
19453,-141.0
19454,-115.0
19455,-181.0
19456,-139.0
19457,-142.0
19458,-140.0
19459,-137.0
19460,-142.0
19461,-144.0
19462,-150.0
19463,-140.0
19464,-143.0
19465,-142.0
19466,-151.0
19467,-140.0
19468,-144.0
19469,-144.0
19470,-144.0
19471,-142.0
19472,-141.0
19473,-149.0
19474,-140.0
19475,-141.0
19476,-148.0
19477,-140.0
19478,-140.0
19479,-140.0
19480,-142.0
19481,-143.0
19482,-140.0
19483,-139.0
19484,-138.0
19485,-141.0
19486,-142.0
19487,-143.0
19488,-141.0
19489,-139.0
19490,-143.0
19491,-139.0
19492,-143.0
19493,-143.0
19494,-141.0
19495,-181.0
19496,-138.0
19497,-140.0
19498,-140.0
19499,-147.0
19500,-140.0
19501,-141.0
19502,-140.0
19503,-139.0
19504,-149.0
19505,-139.0
19506,-137.0
19507,-139.0
19508,-141.0
19509,-138.0
19510,-141.0
19511,-150.0
19512,-140.0
19513,-151.0
19514,-138.0
19515,-141.0
19516,-137.0
19517,-141.0
19518,-142.0
19519,-139.0
19520,-148.0
19521,-139.0
19522,-141.0
19523,-142.0
19524,-138.0
19525,-180.0
19526,-138.0
19527,-139.0
19528,-140.0
19529,-142.0
19530,-143.0
19531,-140.0
19532,-147.0
19533,-142.0
19534,-142.0
19535,-152.0
19536,-142.0
19537,-141.0
19538,-141.0
19539,-142.0
19540,-139.0
19541,-141.0
19542,-112.0
19543,-150.0
19544,-180.0
19545,-141.0
19546,-142.0
19547,-143.0
19548,-183.0
19549,-149.0
19550,-138.0
19551,-115.0
19552,-140.0
19553,-140.0
19554,-140.0
19555,-140.0
19556,-141.0
19557,-142.0
19558,-146.0
19559,-142.0
19560,-142.0
19561,-150.0
19562,-141.0
19563,-140.0
19564,-140.0
19565,-136.0
19566,-142.0
19567,-139.0
19568,-147.0
19569,-143.0
19570,-142.0
19571,-143.0
19572,-141.0
19573,-147.0
19574,-143.0
19575,-142.0
19576,-140.0
19577,-141.0
19578,-137.0
19579,-136.0
19580,-113.0
19581,-143.0
19582,-145.0
19583,-141.0
19584,-139.0
19585,-135.0
19586,-146.0
19587,-137.0
19588,-115.0
19589,-138.0
19590,-144.0
19591,-145.0
19592,-152.0
19593,-142.0
19594,-152.0
19595,-153.0
19596,-135.0
19597,-146.0
19598,-149.0
19599,-146.0
19600,-152.0
19601,-147.0
19602,-152.0
19603,-150.0
19604,-140.0
19605,-140.0
19606,-137.0
19607,-150.0
19608,-113.0
19609,-150.0
19610,-142.0
19611,-144.0
19612,-147.0
19613,-146.0
19614,-146.0
19615,-143.0
19616,-138.0
19617,-153.0
19618,-144.0
19619,-144.0
19620,-139.0
19621,-140.0
19622,-137.0
19623,-145.0
19624,-146.0
19625,-153.0
19626,-149.0
19627,-144.0
19628,-142.0
19629,-144.0
19630,-148.0
19631,-147.0
19632,-140.0
19633,-156.0
19634,-137.0
19635,-146.0
19636,-146.0
19637,-141.0
19638,-142.0
19639,-144.0
19640,-136.0
19641,-148.0
19642,-143.0
19643,-145.0
19644,-154.0
19645,-137.0
19646,-140.0
19647,-136.0
19648,-146.0
19649,-136.0
19650,-135.0
19651,-149.0
19652,-144.0
19653,-137.0
19654,-135.0
19655,-112.0
19656,-149.0
19657,-146.0
19658,-148.0
19659,-136.0
19660,-140.0
19661,-146.0
19662,-145.0
19663,-145.0
19664,-139.0
19665,-148.0
19666,-138.0
19667,-141.0
19668,-147.0
19669,-145.0
19670,-139.0
19671,-144.0
19672,-149.0
19673,-140.0
19674,-145.0
19675,-152.0
19676,-141.0
19677,-113.0
19678,-144.0
19679,-140.0
19680,-143.0
19681,-150.0
19682,-139.0
19683,-135.0
19684,-139.0
19685,-143.0
19686,-137.0
19687,-145.0
19688,-139.0
19689,-137.0
19690,-139.0
19691,-115.0
19692,-112.0
19693,-136.0
19694,-141.0
19695,-147.0
19696,-141.0
19697,-141.0
19698,-148.0
19699,-137.0
19700,-140.0
19701,-138.0
19702,-150.0
19703,-152.0
19704,-145.0
19705,-135.0
19706,-146.0
19707,-146.0
19708,-148.0
19709,-135.0
19710,-149.0
19711,-139.0
19712,-137.0
19713,-153.0
19714,-144.0
19715,-114.0
19716,-149.0
19717,-143.0
19718,-146.0
19719,-145.0
19720,-137.0
19721,-137.0
19722,-143.0
19723,-143.0
19724,-148.0
19725,-146.0
19726,-114.0
19727,-137.0
19728,-136.0
19729,-139.0
19730,-144.0
19731,-143.0
19732,-142.0
19733,-137.0
19734,-113.0
19735,-145.0
19736,-141.0
19737,-140.0
19738,-138.0
19739,-146.0
19740,-139.0
19741,-149.0
19742,-139.0
19743,-136.0
19744,-137.0
19745,-140.0
19746,-144.0
19747,-138.0
19748,-139.0
19749,-137.0
19750,-143.0
19751,-142.0
19752,-144.0
19753,-140.0
19754,-145.0
19755,-143.0
19756,-140.0
19757,-142.0
19758,-114.0
19759,-153.0
19760,-113.0
19761,-139.0
19762,-138.0
19763,-143.0
19764,-137.0
19765,-112.0
19766,-142.0
19767,-146.0
19768,-139.0
19769,-144.0
19770,-134.0
19771,-147.0
19772,-145.0
19773,-135.0
19774,-135.0
19775,-198.0
19776,-136.0
19777,-149.0
19778,-146.0
19779,-153.0
19780,-142.0
19781,-148.0
19782,-143.0
19783,-142.0
19784,-146.0
19785,-141.0
19786,-146.0
19787,-144.0
19788,-145.0
19789,-143.0
19790,-144.0
19791,-147.0
19792,-141.0
19793,-144.0
19794,-140.0
19795,-135.0
19796,-144.0
19797,-139.0
19798,-136.0
19799,-187.0
19800,-137.0
19801,-135.0
19802,-135.0
19803,-135.0
19804,-134.0
19805,-142.0
19806,-150.0
19807,-141.0
19808,-143.0
19809,-135.0
19810,-140.0
19811,-136.0
19812,-135.0
19813,-135.0
19814,-144.0
19815,-142.0
19816,-141.0
19817,-139.0
19818,-141.0
19819,-139.0
19820,-113.0
19821,-140.0
19822,-144.0
19823,-145.0
19824,-148.0
19825,-151.0
19826,-142.0
19827,-152.0
19828,-143.0
19829,-139.0
19830,-135.0
19831,-137.0
19832,-136.0
19833,-112.0
19834,-133.0
19835,-152.0
19836,-140.0
19837,-143.0
19838,-136.0
19839,-140.0
19840,-133.0
19841,-139.0
19842,-147.0
19843,-139.0
19844,-141.0
19845,-136.0
19846,-136.0
19847,-134.0
19848,-140.0
19849,-136.0
19850,-139.0
19851,-141.0
19852,-135.0
19853,-139.0
19854,-149.0
19855,-137.0
19856,-136.0
19857,-138.0
19858,-138.0
19859,-112.0
19860,-143.0
19861,-144.0
19862,-143.0
19863,-139.0
19864,-137.0
19865,-138.0
19866,-134.0
19867,-144.0
19868,-140.0
19869,-144.0
19870,-113.0
19871,-143.0
19872,-112.0
19873,-136.0
19874,-112.0
19875,-153.0
19876,-136.0
19877,-148.0
19878,-136.0
19879,-148.0
19880,-147.0
19881,-148.0
19882,-147.0
19883,-142.0
19884,-143.0
19885,-139.0
19886,-145.0
19887,-148.0
19888,-139.0
19889,-139.0
19890,-141.0
19891,-138.0
19892,-147.0
19893,-152.0
19894,-140.0
19895,-142.0
19896,-112.0
19897,-141.0
19898,-113.0
19899,-114.0
19900,-137.0
19901,-138.0
19902,-143.0
19903,-134.0
19904,-136.0
19905,-112.0
19906,-135.0
19907,-144.0
19908,-145.0
19909,-139.0
19910,-137.0
19911,-141.0
19912,-138.0
19913,-137.0
19914,-139.0
19915,-139.0
19916,-140.0
19917,-133.0
19918,-138.0
19919,-143.0
19920,-136.0
19921,-112.0
19922,-136.0
19923,-114.0
19924,-140.0
19925,-113.0
19926,-147.0
19927,-134.0
19928,-137.0
19929,-138.0
19930,-112.0
19931,-138.0
19932,-139.0
19933,-137.0
19934,-139.0
19935,-137.0
19936,-139.0
19937,-137.0
19938,-140.0
19939,-138.0
19940,-138.0
19941,-137.0
19942,-138.0
19943,-136.0
19944,-140.0
19945,-136.0
19946,-147.0
19947,-146.0
19948,-144.0
19949,-139.0
19950,-114.0
19951,-149.0
19952,-138.0
19953,-138.0
19954,-140.0
19955,-136.0
19956,-138.0
19957,-144.0
19958,-139.0
19959,-135.0
19960,-140.0
19961,-146.0
19962,-140.0
19963,-138.0
19964,-137.0
19965,-141.0
19966,-139.0
19967,-139.0
19968,-136.0
19969,-138.0
19970,-136.0
19971,-140.0
19972,-142.0
19973,-113.0
19974,-137.0
19975,-149.0
19976,-113.0
19977,-139.0
19978,-142.0
19979,-141.0
19980,-141.0
19981,-136.0
19982,-113.0
19983,-137.0
19984,-141.0
19985,-139.0
19986,-139.0
19987,-139.0
19988,-135.0
19989,-143.0
19990,-118.0
19991,-137.0
19992,-148.0
19993,-141.0
19994,-139.0
19995,-137.0
19996,-137.0
19997,-141.0
19998,-140.0
19999,-139.0
20000,-139.0
20001,-138.0
20002,-140.0
20003,-139.0
20004,-138.0
20005,-140.0
20006,-148.0
20007,-141.0
20008,-137.0
20009,-200.0
20010,-200.0
20011,-145.0
20012,-137.0
20013,-146.0
20014,-144.0
20015,-142.0
20016,-141.0
20017,-141.0
20018,-144.0
20019,-139.0
20020,-144.0
20021,-135.0
20022,-136.0
20023,-141.0
20024,-145.0
20025,-144.0
20026,-134.0
20027,-144.0
20028,-140.0
20029,-139.0
20030,-113.0
20031,-144.0
20032,-149.0
20033,-140.0
20034,-139.0
20035,-135.0
20036,-143.0
20037,-135.0
20038,-137.0
20039,-112.0
20040,-138.0
20041,-137.0
20042,-139.0
20043,-143.0
20044,-112.0
20045,-140.0
20046,-111.0
20047,-144.0
20048,-148.0
20049,-137.0
20050,-139.0
20051,-144.0
20052,-137.0
20053,-135.0
20054,-136.0
20055,-137.0
20056,-138.0
20057,-133.0
20058,-135.0
20059,-140.0
20060,-141.0
20061,-137.0
20062,-138.0
20063,-135.0
20064,-136.0
20065,-115.0
20066,-136.0
20067,-148.0
20068,-136.0
20069,-139.0
20070,-140.0
20071,-140.0
20072,-134.0
20073,-137.0
20074,-140.0
20075,-137.0
20076,-146.0
20077,-139.0
20078,-141.0
20079,-143.0
20080,-139.0
20081,-145.0
20082,-139.0
20083,-136.0
20084,-145.0
20085,-144.0
20086,-142.0
20087,-144.0
20088,-143.0
20089,-146.0
20090,-145.0
20091,-148.0
20092,-148.0
20093,-147.0
20094,-148.0
20095,-150.0
20096,-145.0
20097,-111.0
20098,-147.0
20099,-150.0
20100,-143.0
20101,-144.0
20102,-142.0
20103,-147.0
20104,-112.0
20105,-142.0
20106,-141.0
20107,-155.0
20108,-138.0
20109,-145.0
20110,-139.0
20111,-140.0
20112,-145.0
20113,-141.0
20114,-136.0
20115,-141.0
20116,-137.0
20117,-137.0
20118,-112.0
20119,-139.0
20120,-145.0
20121,-149.0
20122,-144.0
20123,-160.0
20124,-148.0
20125,-150.0
20126,-147.0
20127,-153.0
20128,-153.0
20129,-151.0
20130,-149.0
20131,-159.0
20132,-147.0
20133,-156.0
20134,-146.0
20135,-143.0
20136,-148.0
20137,-113.0
20138,-155.0
20139,-149.0
20140,-114.0
20141,-150.0
20142,-146.0
20143,-145.0
20144,-146.0
20145,-144.0
20146,-145.0
20147,-149.0
20148,-146.0
20149,-148.0
20150,-112.0
20151,-147.0
20152,-156.0
20153,-147.0
20154,-145.0
20155,-152.0
20156,-145.0
20157,-145.0
20158,-114.0
20159,-149.0
20160,-114.0
20161,-144.0
20162,-114.0
20163,-155.0
20164,-145.0
20165,-145.0
20166,-146.0
20167,-116.0
20168,-146.0
20169,-145.0
20170,-114.0
20171,-146.0
20172,-144.0
20173,-145.0
20174,-149.0
20175,-142.0
20176,-149.0
20177,-145.0
20178,-143.0
20179,-144.0
20180,-146.0
20181,-142.0
20182,-146.0
20183,-150.0
20184,-137.0
20185,-145.0
20186,-149.0
20187,-144.0
20188,-145.0
20189,-141.0
20190,-144.0
20191,-145.0
20192,-146.0
20193,-139.0
20194,-142.0
20195,-140.0
20196,-140.0
20197,-113.0
20198,-143.0
20199,-141.0
20200,-142.0
20201,-113.0
20202,-113.0
20203,-143.0
20204,-145.0
20205,-141.0
20206,-143.0
20207,-145.0
20208,-144.0
20209,-149.0
20210,-113.0
20211,-145.0
20212,-140.0
20213,-142.0
20214,-140.0
20215,-144.0
20216,-114.0
20217,-140.0
20218,-141.0
20219,-146.0
20220,-144.0
20221,-145.0
20222,-139.0
20223,-148.0
20224,-141.0
20225,-139.0
20226,-147.0
20227,-144.0
20228,-140.0
20229,-146.0
20230,-149.0
20231,-140.0
20232,-146.0
20233,-141.0
20234,-138.0
20235,-143.0
20236,-139.0
20237,-142.0
20238,-138.0
20239,-145.0
20240,-143.0
20241,-141.0
20242,-141.0
20243,-142.0
20244,-141.0
20245,-142.0
20246,-145.0
20247,-144.0
20248,-142.0
20249,-138.0
20250,-141.0
20251,-144.0
20252,-146.0
20253,-141.0
20254,-139.0
20255,-112.0
20256,-141.0
20257,-141.0
20258,-141.0
20259,-141.0
20260,-144.0
20261,-144.0
20262,-140.0
20263,-142.0
20264,-142.0
20265,-145.0
20266,-140.0
20267,-143.0
20268,-137.0
20269,-141.0
20270,-145.0
20271,-140.0
20272,-140.0
20273,-142.0
20274,-143.0
20275,-114.0
20276,-136.0
20277,-153.0
20278,-142.0
20279,-141.0
20280,-141.0
20281,-141.0
20282,-143.0
20283,-136.0
20284,-140.0
20285,-146.0
20286,-139.0
20287,-135.0
20288,-140.0
20289,-141.0
20290,-148.0
20291,-114.0
20292,-143.0
20293,-142.0
20294,-146.0
20295,-116.0
20296,-137.0
20297,-151.0
20298,-146.0
20299,-146.0
20300,-145.0
20301,-142.0
20302,-143.0
20303,-137.0
20304,-142.0
20305,-140.0
20306,-138.0
20307,-138.0
20308,-140.0
20309,-141.0
20310,-113.0
20311,-142.0
20312,-148.0
20313,-140.0
20314,-144.0
20315,-141.0
20316,-146.0
20317,-145.0
20318,-137.0
20319,-140.0
20320,-112.0
20321,-113.0
20322,-138.0
20323,-138.0
20324,-138.0
20325,-139.0
20326,-141.0
20327,-142.0
20328,-137.0
20329,-136.0
20330,-141.0
20331,-147.0
20332,-146.0
20333,-143.0
20334,-145.0
20335,-142.0
20336,-138.0
20337,-143.0
20338,-138.0
20339,-135.0
20340,-146.0
20341,-112.0
20342,-140.0
20343,-141.0
20344,-141.0
20345,-142.0
20346,-141.0
20347,-147.0
20348,-142.0
20349,-113.0
20350,-143.0
20351,-113.0
20352,-141.0
20353,-140.0
20354,-145.0
20355,-140.0
20356,-143.0
20357,-138.0
20358,-149.0
20359,-142.0
20360,-147.0
20361,-142.0
20362,-142.0
20363,-140.0
20364,-146.0
20365,-148.0
20366,-140.0
20367,-153.0
20368,-149.0
20369,-136.0
20370,-142.0
20371,-140.0
20372,-147.0
20373,-139.0
20374,-147.0
20375,-138.0
20376,-142.0
20377,-138.0
20378,-139.0
20379,-139.0
20380,-140.0
20381,-141.0
20382,-147.0
20383,-113.0
20384,-146.0
20385,-149.0
20386,-137.0
20387,-136.0
20388,-140.0
20389,-138.0
20390,-141.0
20391,-152.0
20392,-140.0
20393,-115.0
20394,-139.0
20395,-140.0
20396,-151.0
20397,-140.0
20398,-138.0
20399,-141.0
20400,-141.0
20401,-150.0
20402,-150.0
20403,-148.0
20404,-150.0
20405,-117.0
20406,-149.0
20407,-142.0
20408,-149.0
20409,-148.0
20410,-141.0
20411,-137.0
20412,-148.0
20413,-139.0
20414,-139.0
20415,-146.0
20416,-115.0
20417,-147.0
20418,-115.0
20419,-114.0
20420,-136.0
20421,-138.0
20422,-146.0
20423,-148.0
20424,-150.0
20425,-146.0
20426,-149.0
20427,-149.0
20428,-150.0
20429,-136.0
20430,-152.0
20431,-151.0
20432,-141.0
20433,-153.0
20434,-153.0
20435,-143.0
20436,-141.0
20437,-154.0
20438,-141.0
20439,-155.0
20440,-154.0
20441,-153.0
20442,-153.0
20443,-154.0
20444,-143.0
20445,-141.0
20446,-140.0
20447,-155.0
20448,-156.0
20449,-139.0
20450,-138.0
20451,-137.0
20452,-147.0
20453,-150.0
20454,-153.0
20455,-115.0
20456,-117.0
20457,-137.0
20458,-139.0
20459,-141.0
20460,-135.0
20461,-154.0
20462,-152.0
20463,-142.0
20464,-146.0
20465,-153.0
20466,-142.0
20467,-159.0
20468,-140.0
20469,-140.0
20470,-160.0
20471,-161.0
20472,-149.0
20473,-113.0
20474,-159.0
20475,-154.0
20476,-138.0
20477,-136.0
20478,-155.0
20479,-138.0
20480,-153.0
20481,-114.0
20482,-140.0
20483,-150.0
20484,-142.0
20485,-151.0
20486,-145.0
20487,-139.0
20488,-140.0
20489,-139.0
20490,-138.0
20491,-114.0
20492,-139.0
20493,-153.0
20494,-143.0
20495,-152.0
20496,-141.0
20497,-113.0
20498,-139.0
20499,-139.0
20500,-138.0
20501,-140.0
20502,-153.0
20503,-152.0
20504,-154.0
20505,-138.0
20506,-114.0
20507,-153.0
20508,-139.0
20509,-140.0
20510,-158.0
20511,-141.0
20512,-155.0
20513,-153.0
20514,-153.0
20515,-139.0
20516,-155.0
20517,-155.0
20518,-152.0
20519,-139.0
20520,-155.0
20521,-153.0
20522,-138.0
20523,-137.0
20524,-156.0
20525,-114.0
20526,-138.0
20527,-152.0
20528,-141.0
20529,-139.0
20530,-153.0
20531,-159.0
20532,-145.0
20533,-138.0
20534,-156.0
20535,-152.0
20536,-154.0
20537,-155.0
20538,-154.0
20539,-153.0
20540,-154.0
20541,-140.0
20542,-144.0
20543,-140.0
20544,-153.0
20545,-152.0
20546,-152.0
20547,-136.0
20548,-155.0
20549,-152.0
20550,-150.0
20551,-139.0
20552,-139.0
20553,-139.0
20554,-142.0
20555,-146.0
20556,-155.0
20557,-145.0
20558,-152.0
20559,-153.0
20560,-139.0
20561,-142.0
20562,-139.0
20563,-138.0
20564,-114.0
20565,-140.0
20566,-153.0
20567,-151.0
20568,-152.0
20569,-153.0
20570,-150.0
20571,-154.0
20572,-140.0
20573,-137.0
20574,-153.0
20575,-140.0
20576,-137.0
20577,-150.0
20578,-153.0
20579,-140.0
20580,-152.0
20581,-142.0
20582,-138.0
20583,-151.0
20584,-141.0
20585,-152.0
20586,-138.0
20587,-153.0
20588,-149.0
20589,-154.0
20590,-152.0
20591,-139.0
20592,-156.0
20593,-140.0
20594,-114.0
20595,-115.0
20596,-146.0
20597,-143.0
20598,-155.0
20599,-154.0
20600,-149.0
20601,-141.0
20602,-139.0
20603,-138.0
20604,-152.0
20605,-152.0
20606,-140.0
20607,-151.0
20608,-150.0
20609,-141.0
20610,-153.0
20611,-141.0
20612,-140.0
20613,-137.0
20614,-137.0
20615,-114.0
20616,-137.0
20617,-144.0
20618,-151.0
20619,-153.0
20620,-138.0
20621,-139.0
20622,-138.0
20623,-152.0
20624,-149.0
20625,-152.0
20626,-149.0
20627,-140.0
20628,-140.0
20629,-142.0
20630,-115.0
20631,-154.0
20632,-115.0
20633,-138.0
20634,-136.0
20635,-151.0
20636,-141.0
20637,-152.0
20638,-154.0
20639,-149.0
20640,-153.0
20641,-141.0
20642,-139.0
20643,-139.0
20644,-154.0
20645,-154.0
20646,-151.0
20647,-155.0
20648,-157.0
20649,-150.0
20650,-158.0
20651,-138.0
20652,-149.0
20653,-139.0
20654,-144.0
20655,-137.0
20656,-153.0
20657,-138.0
20658,-153.0
20659,-137.0
20660,-136.0
20661,-156.0
20662,-155.0
20663,-154.0
20664,-139.0
20665,-153.0
20666,-137.0
20667,-140.0
20668,-155.0
20669,-147.0
20670,-146.0
20671,-138.0
20672,-200.0
20673,-151.0
20674,-145.0
20675,-139.0
20676,-116.0
20677,-145.0
20678,-151.0
20679,-152.0
20680,-146.0
20681,-146.0
20682,-138.0
20683,-136.0
20684,-146.0
20685,-146.0
20686,-148.0
20687,-139.0
20688,-150.0
20689,-150.0
20690,-146.0
20691,-148.0
20692,-137.0
20693,-139.0
20694,-139.0
20695,-137.0
20696,-148.0
20697,-137.0
20698,-140.0
20699,-139.0
20700,-138.0
20701,-138.0
20702,-150.0
20703,-146.0
20704,-152.0
20705,-145.0
20706,-140.0
20707,-145.0
20708,-145.0
20709,-143.0
20710,-146.0
20711,-143.0
20712,-139.0
20713,-148.0
20714,-140.0
20715,-140.0
20716,-146.0
20717,-148.0
20718,-147.0
20719,-136.0
20720,-138.0
20721,-140.0
20722,-146.0
20723,-141.0
20724,-139.0
20725,-151.0
20726,-140.0
20727,-142.0
20728,-143.0
20729,-139.0
20730,-114.0
20731,-146.0
20732,-115.0
20733,-138.0
20734,-150.0
20735,-148.0
20736,-138.0
20737,-145.0
20738,-145.0
20739,-139.0
20740,-146.0
20741,-139.0
20742,-150.0
20743,-142.0
20744,-146.0
20745,-137.0
20746,-145.0
20747,-149.0
20748,-150.0
20749,-139.0
20750,-149.0
20751,-141.0
20752,-149.0
20753,-140.0
20754,-145.0
20755,-143.0
20756,-145.0
20757,-138.0
20758,-141.0
20759,-137.0
20760,-139.0
20761,-146.0
20762,-115.0
20763,-139.0
20764,-141.0
20765,-144.0
20766,-141.0
20767,-140.0
20768,-146.0
20769,-145.0
20770,-137.0
20771,-141.0
20772,-143.0
20773,-145.0
20774,-139.0
20775,-136.0
20776,-143.0
20777,-117.0
20778,-140.0
20779,-113.0
20780,-150.0
20781,-137.0
20782,-144.0
20783,-145.0
20784,-140.0
20785,-143.0
20786,-142.0
20787,-141.0
20788,-144.0
20789,-144.0
20790,-150.0
20791,-144.0
20792,-139.0
20793,-141.0
20794,-143.0
20795,-146.0
20796,-143.0
20797,-145.0
20798,-142.0
20799,-145.0
20800,-148.0
20801,-143.0
20802,-144.0
20803,-144.0
20804,-143.0
20805,-141.0
20806,-145.0
20807,-141.0
20808,-142.0
20809,-142.0
20810,-143.0
20811,-145.0
20812,-139.0
20813,-141.0
20814,-146.0
20815,-144.0
20816,-141.0
20817,-147.0
20818,-146.0
20819,-137.0
20820,-141.0
20821,-147.0
20822,-141.0
20823,-145.0
20824,-145.0
20825,-143.0
20826,-139.0
20827,-143.0
20828,-147.0
20829,-140.0
20830,-145.0
20831,-146.0
20832,-142.0
20833,-141.0
20834,-143.0
20835,-142.0
20836,-136.0
20837,-144.0
20838,-147.0
20839,-137.0
20840,-140.0
20841,-142.0
20842,-144.0
20843,-143.0
20844,-145.0
20845,-147.0
20846,-115.0
20847,-142.0
20848,-141.0
20849,-141.0
20850,-146.0
20851,-140.0
20852,-114.0
20853,-139.0
20854,-143.0
20855,-144.0
20856,-143.0
20857,-143.0
20858,-140.0
20859,-143.0
20860,-150.0
20861,-146.0
20862,-143.0
20863,-143.0
20864,-141.0
20865,-143.0
20866,-145.0
20867,-137.0
20868,-138.0
20869,-140.0
20870,-145.0
20871,-145.0
20872,-144.0
20873,-116.0
20874,-145.0
20875,-141.0
20876,-138.0
20877,-145.0
20878,-139.0
20879,-143.0
20880,-144.0
20881,-145.0
20882,-143.0
20883,-140.0
20884,-143.0
20885,-144.0
20886,-145.0
20887,-145.0
20888,-138.0
20889,-143.0
20890,-143.0
20891,-139.0
20892,-145.0
20893,-145.0
20894,-145.0
20895,-143.0
20896,-141.0
20897,-143.0
20898,-140.0
20899,-144.0
20900,-138.0
20901,-146.0
20902,-139.0
20903,-142.0
20904,-146.0
20905,-142.0
20906,-144.0
20907,-140.0
20908,-115.0
20909,-141.0
20910,-115.0
20911,-145.0
20912,-113.0
20913,-146.0
20914,-115.0
20915,-142.0
20916,-142.0
20917,-143.0
20918,-146.0
20919,-145.0
20920,-147.0
20921,-143.0
20922,-139.0
20923,-139.0
20924,-145.0
20925,-115.0
20926,-147.0
20927,-145.0
20928,-141.0
20929,-144.0
20930,-145.0
20931,-144.0
20932,-144.0
20933,-140.0
20934,-141.0
20935,-144.0
20936,-150.0
20937,-142.0
20938,-140.0
20939,-142.0
20940,-138.0
20941,-145.0
20942,-138.0
20943,-141.0
20944,-139.0
20945,-113.0
20946,-144.0
20947,-114.0
20948,-143.0
20949,-137.0
20950,-140.0
20951,-139.0
20952,-144.0
20953,-144.0
20954,-144.0
20955,-140.0
20956,-142.0
20957,-141.0
20958,-146.0
20959,-144.0
20960,-143.0
20961,-144.0
20962,-142.0
20963,-144.0
20964,-144.0
20965,-142.0
20966,-142.0
20967,-142.0
20968,-144.0
20969,-137.0
20970,-139.0
20971,-139.0
20972,-144.0
20973,-137.0
20974,-144.0
20975,-141.0
20976,-141.0
20977,-145.0
20978,-143.0
20979,-144.0
20980,-142.0
20981,-140.0
20982,-138.0
20983,-144.0
20984,-116.0
20985,-146.0
20986,-142.0
20987,-150.0
20988,-141.0
20989,-146.0
20990,-139.0
20991,-139.0
20992,-142.0
20993,-114.0
20994,-142.0
20995,-145.0
20996,-144.0
20997,-144.0
20998,-142.0
20999,-140.0
21000,-145.0
